GEOID,Geography,Geographic Area Name,Estimate!!Households!!Mean income (dollars),Margin of Error!!Households!!Mean income (dollars)
01001,0500000US01001,"Autauga County, Alabama",93367,6187
01003,0500000US01003,"Baldwin County, Alabama",100105,2656
01005,0500000US01005,"Barbour County, Alabama",64745,4163
01007,0500000US01007,"Bibb County, Alabama",67735,4849
01009,0500000US01009,"Blount County, Alabama",79203,3613
01011,0500000US01011,"Bullock County, Alabama",51121,5943
01013,0500000US01013,"Butler County, Alabama",69162,5717
01015,0500000US01015,"Calhoun County, Alabama",71879,2931
01017,0500000US01017,"Chambers County, Alabama",65673,4281
01019,0500000US01019,"Cherokee County, Alabama",71062,3960
01021,0500000US01021,"Chilton County, Alabama",75680,3654
01023,0500000US01023,"Choctaw County, Alabama",63315,3499
01025,0500000US01025,"Clarke County, Alabama",73965,9406
01027,0500000US01027,"Clay County, Alabama",71247,6659
01029,0500000US01029,"Cleburne County, Alabama",73100,7851
01031,0500000US01031,"Coffee County, Alabama",81266,3023
01033,0500000US01033,"Colbert County, Alabama",74264,3832
01035,0500000US01035,"Conecuh County, Alabama",61553,5470
01037,0500000US01037,"Coosa County, Alabama",69698,6191
01039,0500000US01039,"Covington County, Alabama",73109,5313
01041,0500000US01041,"Crenshaw County, Alabama",70635,7711
01043,0500000US01043,"Cullman County, Alabama",78002,2810
01045,0500000US01045,"Dale County, Alabama",69759,2751
01047,0500000US01047,"Dallas County, Alabama",55600,4005
01049,0500000US01049,"DeKalb County, Alabama",65789,2110
01051,0500000US01051,"Elmore County, Alabama",96359,4387
01053,0500000US01053,"Escambia County, Alabama",60177,3128
01055,0500000US01055,"Etowah County, Alabama",73124,3820
01057,0500000US01057,"Fayette County, Alabama",69566,5609
01059,0500000US01059,"Franklin County, Alabama",67215,3565
01061,0500000US01061,"Geneva County, Alabama",66098,3944
01063,0500000US01063,"Greene County, Alabama",48047,5746
01065,0500000US01065,"Hale County, Alabama",61740,6375
01067,0500000US01067,"Henry County, Alabama",78795,7257
01069,0500000US01069,"Houston County, Alabama",80048,1805
01071,0500000US01071,"Jackson County, Alabama",67768,2783
01073,0500000US01073,"Jefferson County, Alabama",97165,1731
01075,0500000US01075,"Lamar County, Alabama",60489,3893
01077,0500000US01077,"Lauderdale County, Alabama",78675,3246
01079,0500000US01079,"Lawrence County, Alabama",76640,4860
01081,0500000US01081,"Lee County, Alabama",86713,3540
01083,0500000US01083,"Limestone County, Alabama",105108,3972
01085,0500000US01085,"Lowndes County, Alabama",58417,6107
01087,0500000US01087,"Macon County, Alabama",61698,4827
01089,0500000US01089,"Madison County, Alabama",111962,2237
01091,0500000US01091,"Marengo County, Alabama",67077,6156
01093,0500000US01093,"Marion County, Alabama",66253,5581
01095,0500000US01095,"Marshall County, Alabama",82099,3004
01097,0500000US01097,"Mobile County, Alabama",79051,1634
01099,0500000US01099,"Monroe County, Alabama",57308,3613
01101,0500000US01101,"Montgomery County, Alabama",80704,2691
01103,0500000US01103,"Morgan County, Alabama",86044,2840
01105,0500000US01105,"Perry County, Alabama",42730,4173
01107,0500000US01107,"Pickens County, Alabama",66646,3925
01109,0500000US01109,"Pike County, Alabama",69002,5339
01111,0500000US01111,"Randolph County, Alabama",70749,4830
01113,0500000US01113,"Russell County, Alabama",65547,3292
01115,0500000US01115,"St. Clair County, Alabama",92258,3203
01117,0500000US01117,"Shelby County, Alabama",123911,3386
01119,0500000US01119,"Sumter County, Alabama",50405,4040
01121,0500000US01121,"Talladega County, Alabama",72746,3532
01123,0500000US01123,"Tallapoosa County, Alabama",75764,3978
01125,0500000US01125,"Tuscaloosa County, Alabama",85068,2428
01127,0500000US01127,"Walker County, Alabama",69909,2713
01129,0500000US01129,"Washington County, Alabama",80526,7307
01131,0500000US01131,"Wilcox County, Alabama",56527,5590
01133,0500000US01133,"Winston County, Alabama",66939,4033
02013,0500000US02013,"Aleutians East Borough, Alaska",86888,5993
02016,0500000US02016,"Aleutians West Census Area, Alaska",122928,8972
02020,0500000US02020,"Anchorage Municipality, Alaska",127598,2404
02050,0500000US02050,"Bethel Census Area, Alaska",90872,6110
02060,0500000US02060,"Bristol Bay Borough, Alaska",126030,18575
02063,0500000US02063,"Chugach Census Area, Alaska",109799,8820
02066,0500000US02066,"Copper River Census Area, Alaska",90710,9887
02068,0500000US02068,"Denali Borough, Alaska",103321,12980
02070,0500000US02070,"Dillingham Census Area, Alaska",91943,9324
02090,0500000US02090,"Fairbanks North Star Borough, Alaska",110923,5557
02100,0500000US02100,"Haines Borough, Alaska",83299,9643
02105,0500000US02105,"Hoonah-Angoon Census Area, Alaska",83266,8691
02110,0500000US02110,"Juneau City and Borough, Alaska",122575,6834
02122,0500000US02122,"Kenai Peninsula Borough, Alaska",102341,5744
02130,0500000US02130,"Ketchikan Gateway Borough, Alaska",112238,6608
02150,0500000US02150,"Kodiak Island Borough, Alaska",102245,8927
02158,0500000US02158,"Kusilvak Census Area, Alaska",63070,4384
02164,0500000US02164,"Lake and Peninsula Borough, Alaska",74678,7677
02170,0500000US02170,"Matanuska-Susitna Borough, Alaska",111363,2862
02180,0500000US02180,"Nome Census Area, Alaska",98246,8168
02185,0500000US02185,"North Slope Borough, Alaska",110508,15618
02188,0500000US02188,"Northwest Arctic Borough, Alaska",100502,5355
02195,0500000US02195,"Petersburg Borough, Alaska",98129,6888
02198,0500000US02198,"Prince of Wales-Hyder Census Area, Alaska",80149,5382
02220,0500000US02220,"Sitka City and Borough, Alaska",107564,6433
02230,0500000US02230,"Skagway Municipality, Alaska",98060,13015
02240,0500000US02240,"Southeast Fairbanks Census Area, Alaska",91780,11074
02275,0500000US02275,"Wrangell City and Borough, Alaska",81433,7921
02282,0500000US02282,"Yakutat City and Borough, Alaska",92687,12354
02290,0500000US02290,"Yukon-Koyukuk Census Area, Alaska",65009,5960
04001,0500000US04001,"Apache County, Arizona",57306,3203
04003,0500000US04003,"Cochise County, Arizona",77541,2426
04005,0500000US04005,"Coconino County, Arizona",95848,3257
04007,0500000US04007,"Gila County, Arizona",75671,3678
04009,0500000US04009,"Graham County, Arizona",80094,3916
04011,0500000US04011,"Greenlee County, Arizona",84558,9202
04012,0500000US04012,"La Paz County, Arizona",68092,5634
04013,0500000US04013,"Maricopa County, Arizona",115162,813
04015,0500000US04015,"Mohave County, Arizona",76121,2568
04017,0500000US04017,"Navajo County, Arizona",67131,2214
04019,0500000US04019,"Pima County, Arizona",92561,1256
04021,0500000US04021,"Pinal County, Arizona",97007,3051
04023,0500000US04023,"Santa Cruz County, Arizona",70629,3561
04025,0500000US04025,"Yavapai County, Arizona",88175,2303
04027,0500000US04027,"Yuma County, Arizona",77603,2759
05001,0500000US05001,"Arkansas County, Arkansas",73981,3942
05003,0500000US05003,"Ashley County, Arkansas",60457,5688
05005,0500000US05005,"Baxter County, Arkansas",68034,5888
05007,0500000US05007,"Benton County, Arkansas",121779,3994
05009,0500000US05009,"Boone County, Arkansas",70513,3854
05011,0500000US05011,"Bradley County, Arkansas",62232,7038
05013,0500000US05013,"Calhoun County, Arkansas",73162,9214
05015,0500000US05015,"Carroll County, Arkansas",72185,5416
05017,0500000US05017,"Chicot County, Arkansas",59697,7261
05019,0500000US05019,"Clark County, Arkansas",67510,5076
05021,0500000US05021,"Clay County, Arkansas",63441,3951
05023,0500000US05023,"Cleburne County, Arkansas",74855,6391
05025,0500000US05025,"Cleveland County, Arkansas",69803,6924
05027,0500000US05027,"Columbia County, Arkansas",66389,5643
05029,0500000US05029,"Conway County, Arkansas",69207,6781
05031,0500000US05031,"Craighead County, Arkansas",82653,3336
05033,0500000US05033,"Crawford County, Arkansas",75580,3708
05035,0500000US05035,"Crittenden County, Arkansas",72770,4120
05037,0500000US05037,"Cross County, Arkansas",69861,6364
05039,0500000US05039,"Dallas County, Arkansas",60225,5644
05041,0500000US05041,"Desha County, Arkansas",52920,3834
05043,0500000US05043,"Drew County, Arkansas",63455,6057
05045,0500000US05045,"Faulkner County, Arkansas",85913,2918
05047,0500000US05047,"Franklin County, Arkansas",65796,4127
05049,0500000US05049,"Fulton County, Arkansas",54372,4114
05051,0500000US05051,"Garland County, Arkansas",74518,2990
05053,0500000US05053,"Grant County, Arkansas",91164,8402
05055,0500000US05055,"Greene County, Arkansas",69475,2949
05057,0500000US05057,"Hempstead County, Arkansas",66635,7615
05059,0500000US05059,"Hot Spring County, Arkansas",67204,4193
05061,0500000US05061,"Howard County, Arkansas",62736,5519
05063,0500000US05063,"Independence County, Arkansas",77283,7765
05065,0500000US05065,"Izard County, Arkansas",61320,5393
05067,0500000US05067,"Jackson County, Arkansas",60764,6417
05069,0500000US05069,"Jefferson County, Arkansas",66118,3477
05071,0500000US05071,"Johnson County, Arkansas",61307,3967
05073,0500000US05073,"Lafayette County, Arkansas",51942,5108
05075,0500000US05075,"Lawrence County, Arkansas",63906,3692
05077,0500000US05077,"Lee County, Arkansas",60647,14753
05079,0500000US05079,"Lincoln County, Arkansas",67605,7132
05081,0500000US05081,"Little River County, Arkansas",69554,5390
05083,0500000US05083,"Logan County, Arkansas",72784,6867
05085,0500000US05085,"Lonoke County, Arkansas",88961,3712
05087,0500000US05087,"Madison County, Arkansas",73885,6241
05089,0500000US05089,"Marion County, Arkansas",61967,4350
05091,0500000US05091,"Miller County, Arkansas",68756,4111
05093,0500000US05093,"Mississippi County, Arkansas",76088,5318
05095,0500000US05095,"Monroe County, Arkansas",57347,6075
05097,0500000US05097,"Montgomery County, Arkansas",65505,5066
05099,0500000US05099,"Nevada County, Arkansas",52418,6469
05101,0500000US05101,"Newton County, Arkansas",64637,6327
05103,0500000US05103,"Ouachita County, Arkansas",63323,3685
05105,0500000US05105,"Perry County, Arkansas",75452,5107
05107,0500000US05107,"Phillips County, Arkansas",54537,4701
05109,0500000US05109,"Pike County, Arkansas",70571,7880
05111,0500000US05111,"Poinsett County, Arkansas",62397,4787
05113,0500000US05113,"Polk County, Arkansas",75460,8051
05115,0500000US05115,"Pope County, Arkansas",77373,5462
05117,0500000US05117,"Prairie County, Arkansas",75028,8403
05119,0500000US05119,"Pulaski County, Arkansas",91685,2093
05121,0500000US05121,"Randolph County, Arkansas",68091,5462
05123,0500000US05123,"St. Francis County, Arkansas",59402,7126
05125,0500000US05125,"Saline County, Arkansas",94089,3137
05127,0500000US05127,"Scott County, Arkansas",57192,4451
05129,0500000US05129,"Searcy County, Arkansas",53052,4595
05131,0500000US05131,"Sebastian County, Arkansas",85707,8965
05133,0500000US05133,"Sevier County, Arkansas",67677,6630
05135,0500000US05135,"Sharp County, Arkansas",66305,12380
05137,0500000US05137,"Stone County, Arkansas",53444,7971
05139,0500000US05139,"Union County, Arkansas",74494,5089
05141,0500000US05141,"Van Buren County, Arkansas",60906,3799
05143,0500000US05143,"Washington County, Arkansas",95012,2664
05145,0500000US05145,"White County, Arkansas",73577,4097
05147,0500000US05147,"Woodruff County, Arkansas",64984,6857
05149,0500000US05149,"Yell County, Arkansas",66744,3983
06001,0500000US06001,"Alameda County, California",171948,1292
06003,0500000US06003,"Alpine County, California",162949,58051
06005,0500000US06005,"Amador County, California",104990,6492
06007,0500000US06007,"Butte County, California",96124,2745
06009,0500000US06009,"Calaveras County, California",103128,5615
06011,0500000US06011,"Colusa County, California",93585,7190
06013,0500000US06013,"Contra Costa County, California",172107,2007
06015,0500000US06015,"Del Norte County, California",86246,4743
06017,0500000US06017,"El Dorado County, California",145804,4938
06019,0500000US06019,"Fresno County, California",97005,1535
06021,0500000US06021,"Glenn County, California",86148,4552
06023,0500000US06023,"Humboldt County, California",86742,3447
06025,0500000US06025,"Imperial County, California",77390,2583
06027,0500000US06027,"Inyo County, California",93044,6119
06029,0500000US06029,"Kern County, California",91401,1654
06031,0500000US06031,"Kings County, California",86268,2996
06033,0500000US06033,"Lake County, California",86272,4944
06035,0500000US06035,"Lassen County, California",81066,4647
06037,0500000US06037,"Los Angeles County, California",125539,631
06039,0500000US06039,"Madera County, California",99476,6118
06041,0500000US06041,"Marin County, California",224140,5994
06043,0500000US06043,"Mariposa County, California",86394,6263
06045,0500000US06045,"Mendocino County, California",91472,4242
06047,0500000US06047,"Merced County, California",87129,2440
06049,0500000US06049,"Modoc County, California",74476,9571
06051,0500000US06051,"Mono County, California",115814,13634
06053,0500000US06053,"Monterey County, California",128334,2791
06055,0500000US06055,"Napa County, California",154011,6383
06057,0500000US06057,"Nevada County, California",117745,4562
06059,0500000US06059,"Orange County, California",152475,1187
06061,0500000US06061,"Placer County, California",147894,2630
06063,0500000US06063,"Plumas County, California",93296,7441
06065,0500000US06065,"Riverside County, California",115609,1134
06067,0500000US06067,"Sacramento County, California",114458,1124
06069,0500000US06069,"San Benito County, California",138189,5307
06071,0500000US06071,"San Bernardino County, California",105546,1098
06073,0500000US06073,"San Diego County, California",136236,1027
06075,0500000US06075,"San Francisco County, California",204625,3235
06077,0500000US06077,"San Joaquin County, California",114559,1815
06079,0500000US06079,"San Luis Obispo County, California",126122,5158
06081,0500000US06081,"San Mateo County, California",226660,3629
06083,0500000US06083,"Santa Barbara County, California",137063,2420
06085,0500000US06085,"Santa Clara County, California",219664,2042
06087,0500000US06087,"Santa Cruz County, California",153085,4113
06089,0500000US06089,"Shasta County, California",96355,2906
06091,0500000US06091,"Sierra County, California",89329,20679
06093,0500000US06093,"Siskiyou County, California",76699,3972
06095,0500000US06095,"Solano County, California",124288,2126
06097,0500000US06097,"Sonoma County, California",138572,2856
06099,0500000US06099,"Stanislaus County, California",102442,1825
06101,0500000US06101,"Sutter County, California",101655,4308
06103,0500000US06103,"Tehama County, California",92809,14832
06105,0500000US06105,"Trinity County, California",80934,10072
06107,0500000US06107,"Tulare County, California",90157,2118
06109,0500000US06109,"Tuolumne County, California",97299,4494
06111,0500000US06111,"Ventura County, California",141716,2014
06113,0500000US06113,"Yolo County, California",122086,3039
06115,0500000US06115,"Yuba County, California",93604,4527
08001,0500000US08001,"Adams County, Colorado",112415,1700
08003,0500000US08003,"Alamosa County, Colorado",73926,6814
08005,0500000US08005,"Arapahoe County, Colorado",132105,2037
08007,0500000US08007,"Archuleta County, Colorado",97641,6875
08009,0500000US08009,"Baca County, Colorado",61863,6374
08011,0500000US08011,"Bent County, Colorado",58522,6301
08013,0500000US08013,"Boulder County, Colorado",144869,3467
08014,0500000US08014,"Broomfield County, Colorado",152217,4418
08015,0500000US08015,"Chaffee County, Colorado",100353,7302
08017,0500000US08017,"Cheyenne County, Colorado",86295,8380
08019,0500000US08019,"Clear Creek County, Colorado",136058,12510
08021,0500000US08021,"Conejos County, Colorado",66821,5667
08023,0500000US08023,"Costilla County, Colorado",57688,8184
08025,0500000US08025,"Crowley County, Colorado",57856,7407
08027,0500000US08027,"Custer County, Colorado",90623,10543
08029,0500000US08029,"Delta County, Colorado",82168,5628
08031,0500000US08031,"Denver County, Colorado",131349,1957
08033,0500000US08033,"Dolores County, Colorado",89770,15874
08035,0500000US08035,"Douglas County, Colorado",177521,3069
08037,0500000US08037,"Eagle County, Colorado",157411,10606
08039,0500000US08039,"Elbert County, Colorado",156236,10864
08041,0500000US08041,"El Paso County, Colorado",113043,1345
08043,0500000US08043,"Fremont County, Colorado",82233,7008
08045,0500000US08045,"Garfield County, Colorado",110409,4493
08047,0500000US08047,"Gilpin County, Colorado",118680,20087
08049,0500000US08049,"Grand County, Colorado",110584,10840
08051,0500000US08051,"Gunnison County, Colorado",102255,6011
08053,0500000US08053,"Hinsdale County, Colorado",89073,11504
08055,0500000US08055,"Huerfano County, Colorado",83426,20128
08057,0500000US08057,"Jackson County, Colorado",77824,12377
08059,0500000US08059,"Jefferson County, Colorado",137752,1641
08061,0500000US08061,"Kiowa County, Colorado",73510,7745
08063,0500000US08063,"Kit Carson County, Colorado",89493,10575
08065,0500000US08065,"Lake County, Colorado",108464,15504
08067,0500000US08067,"La Plata County, Colorado",106437,3859
08069,0500000US08069,"Larimer County, Colorado",118812,2725
08071,0500000US08071,"Las Animas County, Colorado",67905,4127
08073,0500000US08073,"Lincoln County, Colorado",81465,10694
08075,0500000US08075,"Logan County, Colorado",73188,4191
08077,0500000US08077,"Mesa County, Colorado",92470,2807
08079,0500000US08079,"Mineral County, Colorado",77895,16508
08081,0500000US08081,"Moffat County, Colorado",84978,6581
08083,0500000US08083,"Montezuma County, Colorado",82262,4925
08085,0500000US08085,"Montrose County, Colorado",86915,3780
08087,0500000US08087,"Morgan County, Colorado",85441,5410
08089,0500000US08089,"Otero County, Colorado",68583,3984
08091,0500000US08091,"Ouray County, Colorado",109038,12269
08093,0500000US08093,"Park County, Colorado",113500,7318
08095,0500000US08095,"Phillips County, Colorado",99893,22999
08097,0500000US08097,"Pitkin County, Colorado",200851,28900
08099,0500000US08099,"Prowers County, Colorado",84132,17824
08101,0500000US08101,"Pueblo County, Colorado",82275,2459
08103,0500000US08103,"Rio Blanco County, Colorado",80991,6503
08105,0500000US08105,"Rio Grande County, Colorado",86169,8916
08107,0500000US08107,"Routt County, Colorado",148388,8082
08109,0500000US08109,"Saguache County, Colorado",81741,16757
08111,0500000US08111,"San Juan County, Colorado",86808,16690
08113,0500000US08113,"San Miguel County, Colorado",131344,16239
08115,0500000US08115,"Sedgwick County, Colorado",77564,11536
08117,0500000US08117,"Summit County, Colorado",138554,11840
08119,0500000US08119,"Teller County, Colorado",103056,5931
08121,0500000US08121,"Washington County, Colorado",82841,5280
08123,0500000US08123,"Weld County, Colorado",114623,2531
08125,0500000US08125,"Yuma County, Colorado",85202,8820
09110,0500000US09110,"Capitol Planning Region, Connecticut",122979,1434
09120,0500000US09120,"Greater Bridgeport Planning Region, Connecticut",134912,3180
09130,0500000US09130,"Lower Connecticut River Valley Planning Region, Connecticut",134068,4729
09140,0500000US09140,"Naugatuck Valley Planning Region, Connecticut",113511,2478
09150,0500000US09150,"Northeastern Connecticut Planning Region, Connecticut",107010,3652
09160,0500000US09160,"Northwest Hills Planning Region, Connecticut",130654,5289
09170,0500000US09170,"South Central Connecticut Planning Region, Connecticut",118110,2165
09180,0500000US09180,"Southeastern Connecticut Planning Region, Connecticut",108630,2012
09190,0500000US09190,"Western Connecticut Planning Region, Connecticut",209168,3469
10001,0500000US10001,"Kent County, Delaware",89176,2271
10003,0500000US10003,"New Castle County, Delaware",118003,1977
10005,0500000US10005,"Sussex County, Delaware",105000,2259
11001,0500000US11001,"District of Columbia, District of Columbia",157604,2133
12001,0500000US12001,"Alachua County, Florida",92218,3381
12003,0500000US12003,"Baker County, Florida",89095,7565
12005,0500000US12005,"Bay County, Florida",92641,2719
12007,0500000US12007,"Bradford County, Florida",73237,6209
12009,0500000US12009,"Brevard County, Florida",101758,2461
12011,0500000US12011,"Broward County, Florida",105773,1600
12013,0500000US12013,"Calhoun County, Florida",63582,6390
12015,0500000US12015,"Charlotte County, Florida",88575,2275
12017,0500000US12017,"Citrus County, Florida",78901,4283
12019,0500000US12019,"Clay County, Florida",105559,2888
12021,0500000US12021,"Collier County, Florida",140361,3276
12023,0500000US12023,"Columbia County, Florida",73958,4516
12027,0500000US12027,"DeSoto County, Florida",63257,4000
12029,0500000US12029,"Dixie County, Florida",61155,5416
12031,0500000US12031,"Duval County, Florida",93813,1819
12033,0500000US12033,"Escambia County, Florida",88025,1928
12035,0500000US12035,"Flagler County, Florida",101501,7377
12037,0500000US12037,"Franklin County, Florida",82821,6098
12039,0500000US12039,"Gadsden County, Florida",60499,3457
12041,0500000US12041,"Gilchrist County, Florida",86992,9683
12043,0500000US12043,"Glades County, Florida",62991,6933
12045,0500000US12045,"Gulf County, Florida",94247,10434
12047,0500000US12047,"Hamilton County, Florida",56421,4507
12049,0500000US12049,"Hardee County, Florida",76755,10366
12051,0500000US12051,"Hendry County, Florida",74323,7147
12053,0500000US12053,"Hernando County, Florida",80550,2159
12055,0500000US12055,"Highlands County, Florida",72590,2832
12057,0500000US12057,"Hillsborough County, Florida",106537,1407
12059,0500000US12059,"Holmes County, Florida",61718,5837
12061,0500000US12061,"Indian River County, Florida",104837,3948
12063,0500000US12063,"Jackson County, Florida",63425,3423
12065,0500000US12065,"Jefferson County, Florida",75727,4607
12067,0500000US12067,"Lafayette County, Florida",65808,6955
12069,0500000US12069,"Lake County, Florida",90299,1797
12071,0500000US12071,"Lee County, Florida",102290,1581
12073,0500000US12073,"Leon County, Florida",93105,2645
12075,0500000US12075,"Levy County, Florida",71892,6054
12077,0500000US12077,"Liberty County, Florida",65763,7032
12079,0500000US12079,"Madison County, Florida",60900,6386
12081,0500000US12081,"Manatee County, Florida",107117,2787
12083,0500000US12083,"Marion County, Florida",77453,1751
12085,0500000US12085,"Martin County, Florida",120690,4269
12086,0500000US12086,"Miami-Dade County, Florida",102498,1195
12087,0500000US12087,"Monroe County, Florida",130952,6047
12089,0500000US12089,"Nassau County, Florida",114157,4474
12091,0500000US12091,"Okaloosa County, Florida",105647,3038
12093,0500000US12093,"Okeechobee County, Florida",72468,4737
12095,0500000US12095,"Orange County, Florida",108171,1938
12097,0500000US12097,"Osceola County, Florida",88551,2289
12099,0500000US12099,"Palm Beach County, Florida",124934,1601
12101,0500000US12101,"Pasco County, Florida",92716,1797
12103,0500000US12103,"Pinellas County, Florida",101629,1510
12105,0500000US12105,"Polk County, Florida",84031,1403
12107,0500000US12107,"Putnam County, Florida",64848,3992
12109,0500000US12109,"St. Johns County, Florida",143324,4120
12111,0500000US12111,"St. Lucie County, Florida",88516,2708
12113,0500000US12113,"Santa Rosa County, Florida",110352,3146
12115,0500000US12115,"Sarasota County, Florida",120022,3885
12117,0500000US12117,"Seminole County, Florida",111625,2137
12119,0500000US12119,"Sumter County, Florida",93594,3312
12121,0500000US12121,"Suwannee County, Florida",70930,4901
12123,0500000US12123,"Taylor County, Florida",74020,14476
12125,0500000US12125,"Union County, Florida",83228,12156
12127,0500000US12127,"Volusia County, Florida",87233,1497
12129,0500000US12129,"Wakulla County, Florida",92491,6959
12131,0500000US12131,"Walton County, Florida",120486,8728
12133,0500000US12133,"Washington County, Florida",67695,4847
13001,0500000US13001,"Appling County, Georgia",60995,5711
13003,0500000US13003,"Atkinson County, Georgia",58228,5621
13005,0500000US13005,"Bacon County, Georgia",67308,11014
13007,0500000US13007,"Baker County, Georgia",61584,9560
13009,0500000US13009,"Baldwin County, Georgia",85755,15882
13011,0500000US13011,"Banks County, Georgia",82882,5791
13013,0500000US13013,"Barrow County, Georgia",90487,3490
13015,0500000US13015,"Bartow County, Georgia",94388,3405
13017,0500000US13017,"Ben Hill County, Georgia",56280,4373
13019,0500000US13019,"Berrien County, Georgia",67230,6435
13021,0500000US13021,"Bibb County, Georgia",77463,2680
13023,0500000US13023,"Bleckley County, Georgia",76532,8074
13025,0500000US13025,"Brantley County, Georgia",62571,5694
13027,0500000US13027,"Brooks County, Georgia",67055,7184
13029,0500000US13029,"Bryan County, Georgia",124970,11994
13031,0500000US13031,"Bulloch County, Georgia",79142,7790
13033,0500000US13033,"Burke County, Georgia",81112,14619
13035,0500000US13035,"Butts County, Georgia",77092,8019
13037,0500000US13037,"Calhoun County, Georgia",69405,13592
13039,0500000US13039,"Camden County, Georgia",85169,3880
13043,0500000US13043,"Candler County, Georgia",67496,6493
13045,0500000US13045,"Carroll County, Georgia",87579,3199
13047,0500000US13047,"Catoosa County, Georgia",90614,4570
13049,0500000US13049,"Charlton County, Georgia",67272,8899
13051,0500000US13051,"Chatham County, Georgia",95384,2672
13053,0500000US13053,"Chattahoochee County, Georgia",69011,6589
13055,0500000US13055,"Chattooga County, Georgia",59859,3724
13057,0500000US13057,"Cherokee County, Georgia",128400,3384
13059,0500000US13059,"Clarke County, Georgia",76893,2775
13061,0500000US13061,"Clay County, Georgia",63155,14892
13063,0500000US13063,"Clayton County, Georgia",74004,1928
13065,0500000US13065,"Clinch County, Georgia",67216,8130
13067,0500000US13067,"Cobb County, Georgia",131991,1786
13069,0500000US13069,"Coffee County, Georgia",63068,3482
13071,0500000US13071,"Colquitt County, Georgia",71702,3615
13073,0500000US13073,"Columbia County, Georgia",118347,3494
13075,0500000US13075,"Cook County, Georgia",68892,6192
13077,0500000US13077,"Coweta County, Georgia",116087,3385
13079,0500000US13079,"Crawford County, Georgia",85248,10572
13081,0500000US13081,"Crisp County, Georgia",65205,5205
13083,0500000US13083,"Dade County, Georgia",83822,7036
13085,0500000US13085,"Dawson County, Georgia",111715,7110
13087,0500000US13087,"Decatur County, Georgia",67257,6280
13089,0500000US13089,"DeKalb County, Georgia",115757,1756
13091,0500000US13091,"Dodge County, Georgia",67688,5694
13093,0500000US13093,"Dooly County, Georgia",77693,7361
13095,0500000US13095,"Dougherty County, Georgia",63592,3292
13097,0500000US13097,"Douglas County, Georgia",98426,4039
13099,0500000US13099,"Early County, Georgia",69338,8410
13101,0500000US13101,"Echols County, Georgia",76146,10631
13103,0500000US13103,"Effingham County, Georgia",104190,4842
13105,0500000US13105,"Elbert County, Georgia",66048,4446
13107,0500000US13107,"Emanuel County, Georgia",62724,5842
13109,0500000US13109,"Evans County, Georgia",69872,6386
13111,0500000US13111,"Fannin County, Georgia",85986,9139
13113,0500000US13113,"Fayette County, Georgia",140838,4861
13115,0500000US13115,"Floyd County, Georgia",85081,3768
13117,0500000US13117,"Forsyth County, Georgia",164032,3513
13119,0500000US13119,"Franklin County, Georgia",73834,6930
13121,0500000US13121,"Fulton County, Georgia",141480,1877
13123,0500000US13123,"Gilmer County, Georgia",84887,5881
13125,0500000US13125,"Glascock County, Georgia",69633,10801
13127,0500000US13127,"Glynn County, Georgia",100024,5138
13129,0500000US13129,"Gordon County, Georgia",84572,4448
13131,0500000US13131,"Grady County, Georgia",72324,5462
13133,0500000US13133,"Greene County, Georgia",138416,13380
13135,0500000US13135,"Gwinnett County, Georgia",110170,1685
13137,0500000US13137,"Habersham County, Georgia",84261,4173
13139,0500000US13139,"Hall County, Georgia",104904,2586
13141,0500000US13141,"Hancock County, Georgia",56721,7170
13143,0500000US13143,"Haralson County, Georgia",86278,7839
13145,0500000US13145,"Harris County, Georgia",115910,7362
13147,0500000US13147,"Hart County, Georgia",76891,5096
13149,0500000US13149,"Heard County, Georgia",84725,12791
13151,0500000US13151,"Henry County, Georgia",100936,2611
13153,0500000US13153,"Houston County, Georgia",95174,2647
13155,0500000US13155,"Irwin County, Georgia",65968,8689
13157,0500000US13157,"Jackson County, Georgia",103982,3934
13159,0500000US13159,"Jasper County, Georgia",84289,9838
13161,0500000US13161,"Jeff Davis County, Georgia",60733,7171
13163,0500000US13163,"Jefferson County, Georgia",64222,4842
13165,0500000US13165,"Jenkins County, Georgia",56984,9499
13167,0500000US13167,"Johnson County, Georgia",65552,6357
13169,0500000US13169,"Jones County, Georgia",88177,6885
13171,0500000US13171,"Lamar County, Georgia",87323,7594
13173,0500000US13173,"Lanier County, Georgia",67210,7595
13175,0500000US13175,"Laurens County, Georgia",76337,8071
13177,0500000US13177,"Lee County, Georgia",102982,6503
13179,0500000US13179,"Liberty County, Georgia",73038,3016
13181,0500000US13181,"Lincoln County, Georgia",72199,7677
13183,0500000US13183,"Long County, Georgia",74088,5841
13185,0500000US13185,"Lowndes County, Georgia",75646,3213
13187,0500000US13187,"Lumpkin County, Georgia",101512,13709
13189,0500000US13189,"McDuffie County, Georgia",70384,4398
13191,0500000US13191,"McIntosh County, Georgia",67198,6367
13193,0500000US13193,"Macon County, Georgia",72277,18839
13195,0500000US13195,"Madison County, Georgia",75794,4906
13197,0500000US13197,"Marion County, Georgia",65397,6098
13199,0500000US13199,"Meriwether County, Georgia",68412,5429
13201,0500000US13201,"Miller County, Georgia",74105,7802
13205,0500000US13205,"Mitchell County, Georgia",64690,4936
13207,0500000US13207,"Monroe County, Georgia",117125,9959
13209,0500000US13209,"Montgomery County, Georgia",76175,9613
13211,0500000US13211,"Morgan County, Georgia",105629,7014
13213,0500000US13213,"Murray County, Georgia",82563,7794
13215,0500000US13215,"Muscogee County, Georgia",80102,2811
13217,0500000US13217,"Newton County, Georgia",88991,3913
13219,0500000US13219,"Oconee County, Georgia",161413,13330
13221,0500000US13221,"Oglethorpe County, Georgia",84257,6269
13223,0500000US13223,"Paulding County, Georgia",107510,3250
13225,0500000US13225,"Peach County, Georgia",89113,8175
13227,0500000US13227,"Pickens County, Georgia",94217,6345
13229,0500000US13229,"Pierce County, Georgia",78059,5994
13231,0500000US13231,"Pike County, Georgia",102353,7117
13233,0500000US13233,"Polk County, Georgia",74563,5950
13235,0500000US13235,"Pulaski County, Georgia",65781,7599
13237,0500000US13237,"Putnam County, Georgia",96575,11460
13239,0500000US13239,"Quitman County, Georgia",53721,8700
13241,0500000US13241,"Rabun County, Georgia",89324,7957
13243,0500000US13243,"Randolph County, Georgia",43795,6849
13245,0500000US13245,"Richmond County, Georgia",73646,2887
13247,0500000US13247,"Rockdale County, Georgia",93791,4678
13249,0500000US13249,"Schley County, Georgia",79111,13422
13251,0500000US13251,"Screven County, Georgia",74726,9639
13253,0500000US13253,"Seminole County, Georgia",69449,6786
13255,0500000US13255,"Spalding County, Georgia",93487,17104
13257,0500000US13257,"Stephens County, Georgia",68056,4544
13259,0500000US13259,"Stewart County, Georgia",52615,7564
13261,0500000US13261,"Sumter County, Georgia",61974,4514
13263,0500000US13263,"Talbot County, Georgia",66411,8064
13265,0500000US13265,"Taliaferro County, Georgia",59531,6503
13267,0500000US13267,"Tattnall County, Georgia",65203,4807
13269,0500000US13269,"Taylor County, Georgia",61978,7506
13271,0500000US13271,"Telfair County, Georgia",60824,7295
13273,0500000US13273,"Terrell County, Georgia",65679,6811
13275,0500000US13275,"Thomas County, Georgia",80709,3646
13277,0500000US13277,"Tift County, Georgia",74905,4652
13279,0500000US13279,"Toombs County, Georgia",71820,5233
13281,0500000US13281,"Towns County, Georgia",87056,13974
13283,0500000US13283,"Treutlen County, Georgia",64270,9033
13285,0500000US13285,"Troup County, Georgia",80636,5496
13287,0500000US13287,"Turner County, Georgia",58694,5328
13289,0500000US13289,"Twiggs County, Georgia",82871,14158
13291,0500000US13291,"Union County, Georgia",93705,8591
13293,0500000US13293,"Upson County, Georgia",74428,6436
13295,0500000US13295,"Walker County, Georgia",76404,5535
13297,0500000US13297,"Walton County, Georgia",103621,5306
13299,0500000US13299,"Ware County, Georgia",60583,4787
13301,0500000US13301,"Warren County, Georgia",58075,6519
13303,0500000US13303,"Washington County, Georgia",64971,4917
13305,0500000US13305,"Wayne County, Georgia",65837,4499
13307,0500000US13307,"Webster County, Georgia",58415,11380
13309,0500000US13309,"Wheeler County, Georgia",55443,7730
13311,0500000US13311,"White County, Georgia",89020,7042
13313,0500000US13313,"Whitfield County, Georgia",85577,4040
13315,0500000US13315,"Wilcox County, Georgia",62360,6181
13317,0500000US13317,"Wilkes County, Georgia",72273,9763
13319,0500000US13319,"Wilkinson County, Georgia",60298,5341
13321,0500000US13321,"Worth County, Georgia",70790,4821
15001,0500000US15001,"Hawaii County, Hawaii",103758,3434
15003,0500000US15003,"Honolulu County, Hawaii",133753,1638
15005,0500000US15005,"Kalawao County, Hawaii",67936,18468
15007,0500000US15007,"Kauai County, Hawaii",124027,6092
15009,0500000US15009,"Maui County, Hawaii",127716,3971
16001,0500000US16001,"Ada County, Idaho",121034,2451
16003,0500000US16003,"Adams County, Idaho",88154,11407
16005,0500000US16005,"Bannock County, Idaho",83414,2672
16007,0500000US16007,"Bear Lake County, Idaho",82325,4960
16009,0500000US16009,"Benewah County, Idaho",75989,6306
16011,0500000US16011,"Bingham County, Idaho",96148,5778
16013,0500000US16013,"Blaine County, Idaho",121425,12893
16015,0500000US16015,"Boise County, Idaho",88157,5683
16017,0500000US16017,"Bonner County, Idaho",91015,5207
16019,0500000US16019,"Bonneville County, Idaho",99403,4175
16021,0500000US16021,"Boundary County, Idaho",75791,5890
16023,0500000US16023,"Butte County, Idaho",64273,8551
16025,0500000US16025,"Camas County, Idaho",79094,17563
16027,0500000US16027,"Canyon County, Idaho",88851,2494
16029,0500000US16029,"Caribou County, Idaho",78848,5312
16031,0500000US16031,"Cassia County, Idaho",88788,7935
16033,0500000US16033,"Clark County, Idaho",58492,8317
16035,0500000US16035,"Clearwater County, Idaho",72440,5236
16037,0500000US16037,"Custer County, Idaho",65974,7422
16039,0500000US16039,"Elmore County, Idaho",76919,4296
16041,0500000US16041,"Franklin County, Idaho",91877,8184
16043,0500000US16043,"Fremont County, Idaho",90888,8115
16045,0500000US16045,"Gem County, Idaho",87429,7874
16047,0500000US16047,"Gooding County, Idaho",81334,7857
16049,0500000US16049,"Idaho County, Idaho",77479,5414
16051,0500000US16051,"Jefferson County, Idaho",95822,6093
16053,0500000US16053,"Jerome County, Idaho",87894,6362
16055,0500000US16055,"Kootenai County, Idaho",98298,2678
16057,0500000US16057,"Latah County, Idaho",86327,5254
16059,0500000US16059,"Lemhi County, Idaho",72897,8648
16061,0500000US16061,"Lewis County, Idaho",69631,5947
16063,0500000US16063,"Lincoln County, Idaho",76232,5956
16065,0500000US16065,"Madison County, Idaho",89770,15647
16067,0500000US16067,"Minidoka County, Idaho",85696,7861
16069,0500000US16069,"Nez Perce County, Idaho",91289,4961
16071,0500000US16071,"Oneida County, Idaho",81664,7933
16073,0500000US16073,"Owyhee County, Idaho",72147,4583
16075,0500000US16075,"Payette County, Idaho",81314,4664
16077,0500000US16077,"Power County, Idaho",72022,6057
16079,0500000US16079,"Shoshone County, Idaho",63447,3084
16081,0500000US16081,"Teton County, Idaho",117932,9770
16083,0500000US16083,"Twin Falls County, Idaho",86618,4243
16085,0500000US16085,"Valley County, Idaho",110257,21117
16087,0500000US16087,"Washington County, Idaho",69532,5830
17001,0500000US17001,"Adams County, Illinois",83547,3594
17003,0500000US17003,"Alexander County, Illinois",59752,5623
17005,0500000US17005,"Bond County, Illinois",84409,5546
17007,0500000US17007,"Boone County, Illinois",103936,4501
17009,0500000US17009,"Brown County, Illinois",83413,8240
17011,0500000US17011,"Bureau County, Illinois",85291,2937
17013,0500000US17013,"Calhoun County, Illinois",105411,8548
17015,0500000US17015,"Carroll County, Illinois",79017,4941
17017,0500000US17017,"Cass County, Illinois",78834,5609
17019,0500000US17019,"Champaign County, Illinois",89697,2036
17021,0500000US17021,"Christian County, Illinois",74729,3751
17023,0500000US17023,"Clark County, Illinois",83186,4811
17025,0500000US17025,"Clay County, Illinois",79425,10870
17027,0500000US17027,"Clinton County, Illinois",104928,5500
17029,0500000US17029,"Coles County, Illinois",77632,4692
17031,0500000US17031,"Cook County, Illinois",117699,789
17033,0500000US17033,"Crawford County, Illinois",85713,6235
17035,0500000US17035,"Cumberland County, Illinois",88805,8039
17037,0500000US17037,"DeKalb County, Illinois",87946,2877
17039,0500000US17039,"De Witt County, Illinois",83717,5233
17041,0500000US17041,"Douglas County, Illinois",87643,4130
17043,0500000US17043,"DuPage County, Illinois",149370,1655
17045,0500000US17045,"Edgar County, Illinois",74074,5076
17047,0500000US17047,"Edwards County, Illinois",72815,5305
17049,0500000US17049,"Effingham County, Illinois",95615,4969
17051,0500000US17051,"Fayette County, Illinois",77408,5913
17053,0500000US17053,"Ford County, Illinois",76631,4167
17055,0500000US17055,"Franklin County, Illinois",69811,2867
17057,0500000US17057,"Fulton County, Illinois",79511,6094
17059,0500000US17059,"Gallatin County, Illinois",88438,14279
17061,0500000US17061,"Greene County, Illinois",81696,5535
17063,0500000US17063,"Grundy County, Illinois",111929,5071
17065,0500000US17065,"Hamilton County, Illinois",85365,12568
17067,0500000US17067,"Hancock County, Illinois",83931,5460
17069,0500000US17069,"Hardin County, Illinois",64711,7041
17071,0500000US17071,"Henderson County, Illinois",75442,4573
17073,0500000US17073,"Henry County, Illinois",91842,4411
17075,0500000US17075,"Iroquois County, Illinois",81382,3399
17077,0500000US17077,"Jackson County, Illinois",69513,3594
17079,0500000US17079,"Jasper County, Illinois",90366,5916
17081,0500000US17081,"Jefferson County, Illinois",77553,3127
17083,0500000US17083,"Jersey County, Illinois",97570,7445
17085,0500000US17085,"Jo Daviess County, Illinois",92828,4843
17087,0500000US17087,"Johnson County, Illinois",77971,5044
17089,0500000US17089,"Kane County, Illinois",128682,1892
17091,0500000US17091,"Kankakee County, Illinois",90248,3087
17093,0500000US17093,"Kendall County, Illinois",127433,4178
17095,0500000US17095,"Knox County, Illinois",69635,2806
17097,0500000US17097,"Lake County, Illinois",152447,1841
17099,0500000US17099,"LaSalle County, Illinois",90125,2780
17101,0500000US17101,"Lawrence County, Illinois",78332,6011
17103,0500000US17103,"Lee County, Illinois",88472,4635
17105,0500000US17105,"Livingston County, Illinois",88369,4180
17107,0500000US17107,"Logan County, Illinois",83185,4652
17109,0500000US17109,"McDonough County, Illinois",69045,4420
17111,0500000US17111,"McHenry County, Illinois",128231,2971
17113,0500000US17113,"McLean County, Illinois",103921,3555
17115,0500000US17115,"Macon County, Illinois",83784,2452
17117,0500000US17117,"Macoupin County, Illinois",85962,3421
17119,0500000US17119,"Madison County, Illinois",97667,2240
17121,0500000US17121,"Marion County, Illinois",76720,3049
17123,0500000US17123,"Marshall County, Illinois",83438,4324
17125,0500000US17125,"Mason County, Illinois",78688,4481
17127,0500000US17127,"Massac County, Illinois",74853,3977
17129,0500000US17129,"Menard County, Illinois",97365,8557
17131,0500000US17131,"Mercer County, Illinois",87773,3331
17133,0500000US17133,"Monroe County, Illinois",122572,6095
17135,0500000US17135,"Montgomery County, Illinois",80654,3977
17137,0500000US17137,"Morgan County, Illinois",85288,4807
17139,0500000US17139,"Moultrie County, Illinois",88053,5585
17141,0500000US17141,"Ogle County, Illinois",93293,3378
17143,0500000US17143,"Peoria County, Illinois",92111,2704
17145,0500000US17145,"Perry County, Illinois",75024,4974
17147,0500000US17147,"Piatt County, Illinois",106362,7161
17149,0500000US17149,"Pike County, Illinois",72468,3818
17151,0500000US17151,"Pope County, Illinois",78018,7337
17153,0500000US17153,"Pulaski County, Illinois",56889,5872
17155,0500000US17155,"Putnam County, Illinois",90990,5368
17157,0500000US17157,"Randolph County, Illinois",81359,4230
17159,0500000US17159,"Richland County, Illinois",75635,4634
17161,0500000US17161,"Rock Island County, Illinois",83668,2424
17163,0500000US17163,"St. Clair County, Illinois",92847,2050
17165,0500000US17165,"Saline County, Illinois",82789,6152
17167,0500000US17167,"Sangamon County, Illinois",97695,2067
17169,0500000US17169,"Schuyler County, Illinois",82651,10016
17171,0500000US17171,"Scott County, Illinois",86063,5740
17173,0500000US17173,"Shelby County, Illinois",79115,3171
17175,0500000US17175,"Stark County, Illinois",80641,6645
17177,0500000US17177,"Stephenson County, Illinois",78072,2399
17179,0500000US17179,"Tazewell County, Illinois",95638,2468
17181,0500000US17181,"Union County, Illinois",75913,4598
17183,0500000US17183,"Vermilion County, Illinois",72146,2506
17185,0500000US17185,"Wabash County, Illinois",82337,10078
17187,0500000US17187,"Warren County, Illinois",82733,5799
17189,0500000US17189,"Washington County, Illinois",89742,4737
17191,0500000US17191,"Wayne County, Illinois",72646,5886
17193,0500000US17193,"White County, Illinois",70653,5562
17195,0500000US17195,"Whiteside County, Illinois",84990,3829
17197,0500000US17197,"Will County, Illinois",131203,1779
17199,0500000US17199,"Williamson County, Illinois",85557,2554
17201,0500000US17201,"Winnebago County, Illinois",84470,1587
17203,0500000US17203,"Woodford County, Illinois",108426,4429
18001,0500000US18001,"Adams County, Indiana",80264,3851
18003,0500000US18003,"Allen County, Indiana",90889,1543
18005,0500000US18005,"Bartholomew County, Indiana",101323,3367
18007,0500000US18007,"Benton County, Indiana",83038,6360
18009,0500000US18009,"Blackford County, Indiana",66576,6453
18011,0500000US18011,"Boone County, Indiana",151849,7493
18013,0500000US18013,"Brown County, Indiana",96976,8093
18015,0500000US18015,"Carroll County, Indiana",83615,5344
18017,0500000US18017,"Cass County, Indiana",70904,3083
18019,0500000US18019,"Clark County, Indiana",88653,2766
18021,0500000US18021,"Clay County, Indiana",91795,8633
18023,0500000US18023,"Clinton County, Indiana",78375,2975
18025,0500000US18025,"Crawford County, Indiana",66412,6440
18027,0500000US18027,"Daviess County, Indiana",85989,5002
18029,0500000US18029,"Dearborn County, Indiana",96630,4821
18031,0500000US18031,"Decatur County, Indiana",92391,8138
18033,0500000US18033,"DeKalb County, Indiana",85064,3076
18035,0500000US18035,"Delaware County, Indiana",71257,2116
18037,0500000US18037,"Dubois County, Indiana",89436,3722
18039,0500000US18039,"Elkhart County, Indiana",86727,2391
18041,0500000US18041,"Fayette County, Indiana",70573,3295
18043,0500000US18043,"Floyd County, Indiana",100571,4186
18045,0500000US18045,"Fountain County, Indiana",75131,3953
18047,0500000US18047,"Franklin County, Indiana",93222,5894
18049,0500000US18049,"Fulton County, Indiana",81697,6192
18051,0500000US18051,"Gibson County, Indiana",83521,3469
18053,0500000US18053,"Grant County, Indiana",70918,2968
18055,0500000US18055,"Greene County, Indiana",76976,5921
18057,0500000US18057,"Hamilton County, Indiana",156318,3089
18059,0500000US18059,"Hancock County, Indiana",115388,5014
18061,0500000US18061,"Harrison County, Indiana",90148,3639
18063,0500000US18063,"Hendricks County, Indiana",120729,4509
18065,0500000US18065,"Henry County, Indiana",78234,3663
18067,0500000US18067,"Howard County, Indiana",81280,3330
18069,0500000US18069,"Huntington County, Indiana",82491,4051
18071,0500000US18071,"Jackson County, Indiana",85011,3375
18073,0500000US18073,"Jasper County, Indiana",93064,5036
18075,0500000US18075,"Jay County, Indiana",67984,3651
18077,0500000US18077,"Jefferson County, Indiana",79892,4851
18079,0500000US18079,"Jennings County, Indiana",79540,4360
18081,0500000US18081,"Johnson County, Indiana",111087,4107
18083,0500000US18083,"Knox County, Indiana",80327,4780
18085,0500000US18085,"Kosciusko County, Indiana",90354,3003
18087,0500000US18087,"LaGrange County, Indiana",101036,5143
18089,0500000US18089,"Lake County, Indiana",90364,1580
18091,0500000US18091,"LaPorte County, Indiana",88255,2426
18093,0500000US18093,"Lawrence County, Indiana",78119,3302
18095,0500000US18095,"Madison County, Indiana",79953,2371
18097,0500000US18097,"Marion County, Indiana",87280,1324
18099,0500000US18099,"Marshall County, Indiana",85610,4065
18101,0500000US18101,"Martin County, Indiana",80001,6368
18103,0500000US18103,"Miami County, Indiana",74702,3045
18105,0500000US18105,"Monroe County, Indiana",87694,3020
18107,0500000US18107,"Montgomery County, Indiana",83964,4349
18109,0500000US18109,"Morgan County, Indiana",101705,4561
18111,0500000US18111,"Newton County, Indiana",76850,6243
18113,0500000US18113,"Noble County, Indiana",85659,3193
18115,0500000US18115,"Ohio County, Indiana",81948,8769
18117,0500000US18117,"Orange County, Indiana",82606,7963
18119,0500000US18119,"Owen County, Indiana",79136,6539
18121,0500000US18121,"Parke County, Indiana",81663,5171
18123,0500000US18123,"Perry County, Indiana",73098,3468
18125,0500000US18125,"Pike County, Indiana",80952,5348
18127,0500000US18127,"Porter County, Indiana",107336,2862
18129,0500000US18129,"Posey County, Indiana",95179,3694
18131,0500000US18131,"Pulaski County, Indiana",76170,6327
18133,0500000US18133,"Putnam County, Indiana",89501,3703
18135,0500000US18135,"Randolph County, Indiana",74024,3994
18137,0500000US18137,"Ripley County, Indiana",87796,5612
18139,0500000US18139,"Rush County, Indiana",74837,3293
18141,0500000US18141,"St. Joseph County, Indiana",89361,2548
18143,0500000US18143,"Scott County, Indiana",70950,4116
18145,0500000US18145,"Shelby County, Indiana",88245,4569
18147,0500000US18147,"Spencer County, Indiana",87894,4594
18149,0500000US18149,"Starke County, Indiana",73831,4230
18151,0500000US18151,"Steuben County, Indiana",92694,5800
18153,0500000US18153,"Sullivan County, Indiana",74197,5594
18155,0500000US18155,"Switzerland County, Indiana",78313,4562
18157,0500000US18157,"Tippecanoe County, Indiana",80668,2767
18159,0500000US18159,"Tipton County, Indiana",92887,6904
18161,0500000US18161,"Union County, Indiana",93659,8696
18163,0500000US18163,"Vanderburgh County, Indiana",82253,2473
18165,0500000US18165,"Vermillion County, Indiana",72225,4173
18167,0500000US18167,"Vigo County, Indiana",73599,2695
18169,0500000US18169,"Wabash County, Indiana",82223,4048
18171,0500000US18171,"Warren County, Indiana",89482,5768
18173,0500000US18173,"Warrick County, Indiana",121754,7098
18175,0500000US18175,"Washington County, Indiana",74773,3227
18177,0500000US18177,"Wayne County, Indiana",76475,4217
18179,0500000US18179,"Wells County, Indiana",86401,5913
18181,0500000US18181,"White County, Indiana",81327,4487
18183,0500000US18183,"Whitley County, Indiana",92181,4805
19001,0500000US19001,"Adair County, Iowa",89076,6706
19003,0500000US19003,"Adams County, Iowa",97667,14632
19005,0500000US19005,"Allamakee County, Iowa",84448,5607
19007,0500000US19007,"Appanoose County, Iowa",68465,5292
19009,0500000US19009,"Audubon County, Iowa",74605,5863
19011,0500000US19011,"Benton County, Iowa",99622,3387
19013,0500000US19013,"Black Hawk County, Iowa",89098,3130
19015,0500000US19015,"Boone County, Iowa",97592,5177
19017,0500000US19017,"Bremer County, Iowa",102529,10397
19019,0500000US19019,"Buchanan County, Iowa",92603,5508
19021,0500000US19021,"Buena Vista County, Iowa",89885,5330
19023,0500000US19023,"Butler County, Iowa",84585,3580
19025,0500000US19025,"Calhoun County, Iowa",86678,5304
19027,0500000US19027,"Carroll County, Iowa",86355,4425
19029,0500000US19029,"Cass County, Iowa",82873,5645
19031,0500000US19031,"Cedar County, Iowa",92611,4441
19033,0500000US19033,"Cerro Gordo County, Iowa",89519,5739
19035,0500000US19035,"Cherokee County, Iowa",83796,5593
19037,0500000US19037,"Chickasaw County, Iowa",87139,5622
19039,0500000US19039,"Clarke County, Iowa",85744,8479
19041,0500000US19041,"Clay County, Iowa",83566,5096
19043,0500000US19043,"Clayton County, Iowa",81457,4002
19045,0500000US19045,"Clinton County, Iowa",85010,4539
19047,0500000US19047,"Crawford County, Iowa",83966,7116
19049,0500000US19049,"Dallas County, Iowa",134691,4720
19051,0500000US19051,"Davis County, Iowa",94991,8463
19053,0500000US19053,"Decatur County, Iowa",70495,5420
19055,0500000US19055,"Delaware County, Iowa",95969,8005
19057,0500000US19057,"Des Moines County, Iowa",81543,4615
19059,0500000US19059,"Dickinson County, Iowa",98855,5433
19061,0500000US19061,"Dubuque County, Iowa",98871,3244
19063,0500000US19063,"Emmet County, Iowa",77881,5748
19065,0500000US19065,"Fayette County, Iowa",75669,4453
19067,0500000US19067,"Floyd County, Iowa",83597,5834
19069,0500000US19069,"Franklin County, Iowa",76293,8665
19071,0500000US19071,"Fremont County, Iowa",93275,7931
19073,0500000US19073,"Greene County, Iowa",78888,6025
19075,0500000US19075,"Grundy County, Iowa",95092,3873
19077,0500000US19077,"Guthrie County, Iowa",100399,6624
19079,0500000US19079,"Hamilton County, Iowa",88499,5724
19081,0500000US19081,"Hancock County, Iowa",86063,6449
19083,0500000US19083,"Hardin County, Iowa",76468,3817
19085,0500000US19085,"Harrison County, Iowa",95657,6441
19087,0500000US19087,"Henry County, Iowa",77833,3886
19089,0500000US19089,"Howard County, Iowa",84023,8139
19091,0500000US19091,"Humboldt County, Iowa",86372,6561
19093,0500000US19093,"Ida County, Iowa",81453,5346
19095,0500000US19095,"Iowa County, Iowa",94049,7710
19097,0500000US19097,"Jackson County, Iowa",89865,4869
19099,0500000US19099,"Jasper County, Iowa",93350,4713
19101,0500000US19101,"Jefferson County, Iowa",78591,8711
19103,0500000US19103,"Johnson County, Iowa",108967,4207
19105,0500000US19105,"Jones County, Iowa",86601,4567
19107,0500000US19107,"Keokuk County, Iowa",80199,5417
19109,0500000US19109,"Kossuth County, Iowa",83589,5114
19111,0500000US19111,"Lee County, Iowa",74428,3700
19113,0500000US19113,"Linn County, Iowa",101721,2934
19115,0500000US19115,"Louisa County, Iowa",95468,7223
19117,0500000US19117,"Lucas County, Iowa",77148,6296
19119,0500000US19119,"Lyon County, Iowa",89389,5130
19121,0500000US19121,"Madison County, Iowa",103385,4375
19123,0500000US19123,"Mahaska County, Iowa",84768,4169
19125,0500000US19125,"Marion County, Iowa",100349,6678
19127,0500000US19127,"Marshall County, Iowa",84571,3332
19129,0500000US19129,"Mills County, Iowa",109588,8021
19131,0500000US19131,"Mitchell County, Iowa",90326,7066
19133,0500000US19133,"Monona County, Iowa",76738,3799
19135,0500000US19135,"Monroe County, Iowa",82429,6314
19137,0500000US19137,"Montgomery County, Iowa",83851,10495
19139,0500000US19139,"Muscatine County, Iowa",87676,3605
19141,0500000US19141,"O'Brien County, Iowa",81625,4112
19143,0500000US19143,"Osceola County, Iowa",84494,6348
19145,0500000US19145,"Page County, Iowa",74484,6102
19147,0500000US19147,"Palo Alto County, Iowa",84394,4663
19149,0500000US19149,"Plymouth County, Iowa",103320,5176
19151,0500000US19151,"Pocahontas County, Iowa",80616,4117
19153,0500000US19153,"Polk County, Iowa",106356,1476
19155,0500000US19155,"Pottawattamie County, Iowa",90639,2606
19157,0500000US19157,"Poweshiek County, Iowa",86811,7054
19159,0500000US19159,"Ringgold County, Iowa",91608,8362
19161,0500000US19161,"Sac County, Iowa",90666,5291
19163,0500000US19163,"Scott County, Iowa",101656,2784
19165,0500000US19165,"Shelby County, Iowa",91881,6276
19167,0500000US19167,"Sioux County, Iowa",104234,4547
19169,0500000US19169,"Story County, Iowa",95068,3766
19171,0500000US19171,"Tama County, Iowa",84210,4881
19173,0500000US19173,"Taylor County, Iowa",83448,5795
19175,0500000US19175,"Union County, Iowa",73974,5027
19177,0500000US19177,"Van Buren County, Iowa",76307,5869
19179,0500000US19179,"Wapello County, Iowa",80944,6341
19181,0500000US19181,"Warren County, Iowa",111116,3676
19183,0500000US19183,"Washington County, Iowa",92270,5552
19185,0500000US19185,"Wayne County, Iowa",85767,9216
19187,0500000US19187,"Webster County, Iowa",82910,4425
19189,0500000US19189,"Winnebago County, Iowa",84968,6669
19191,0500000US19191,"Winneshiek County, Iowa",97497,7633
19193,0500000US19193,"Woodbury County, Iowa",88318,3034
19195,0500000US19195,"Worth County, Iowa",88871,4233
19197,0500000US19197,"Wright County, Iowa",87764,6181
20001,0500000US20001,"Allen County, Kansas",69378,4369
20003,0500000US20003,"Anderson County, Kansas",74313,6240
20005,0500000US20005,"Atchison County, Kansas",78019,5905
20007,0500000US20007,"Barber County, Kansas",78910,9444
20009,0500000US20009,"Barton County, Kansas",73254,4532
20011,0500000US20011,"Bourbon County, Kansas",77037,4489
20013,0500000US20013,"Brown County, Kansas",76674,5217
20015,0500000US20015,"Butler County, Kansas",98834,3572
20017,0500000US20017,"Chase County, Kansas",72786,10819
20019,0500000US20019,"Chautauqua County, Kansas",72939,8613
20021,0500000US20021,"Cherokee County, Kansas",70814,3127
20023,0500000US20023,"Cheyenne County, Kansas",71088,7154
20025,0500000US20025,"Clark County, Kansas",83979,6827
20027,0500000US20027,"Clay County, Kansas",78647,5677
20029,0500000US20029,"Cloud County, Kansas",70287,6443
20031,0500000US20031,"Coffey County, Kansas",86049,5504
20033,0500000US20033,"Comanche County, Kansas",64129,5720
20035,0500000US20035,"Cowley County, Kansas",77057,8920
20037,0500000US20037,"Crawford County, Kansas",68884,3841
20039,0500000US20039,"Decatur County, Kansas",71773,7678
20041,0500000US20041,"Dickinson County, Kansas",83526,5019
20043,0500000US20043,"Doniphan County, Kansas",85580,5825
20045,0500000US20045,"Douglas County, Kansas",93634,2687
20047,0500000US20047,"Edwards County, Kansas",75339,6808
20049,0500000US20049,"Elk County, Kansas",66434,6054
20051,0500000US20051,"Ellis County, Kansas",89458,11757
20053,0500000US20053,"Ellsworth County, Kansas",83519,6701
20055,0500000US20055,"Finney County, Kansas",89602,4121
20057,0500000US20057,"Ford County, Kansas",85037,4345
20059,0500000US20059,"Franklin County, Kansas",85098,4068
20061,0500000US20061,"Geary County, Kansas",68988,3426
20063,0500000US20063,"Gove County, Kansas",82068,5459
20065,0500000US20065,"Graham County, Kansas",67115,6056
20067,0500000US20067,"Grant County, Kansas",111074,20145
20069,0500000US20069,"Gray County, Kansas",96744,6192
20071,0500000US20071,"Greeley County, Kansas",94983,10253
20073,0500000US20073,"Greenwood County, Kansas",80201,9585
20075,0500000US20075,"Hamilton County, Kansas",79656,10996
20077,0500000US20077,"Harper County, Kansas",71347,5709
20079,0500000US20079,"Harvey County, Kansas",86664,5101
20081,0500000US20081,"Haskell County, Kansas",87442,6997
20083,0500000US20083,"Hodgeman County, Kansas",86249,8007
20085,0500000US20085,"Jackson County, Kansas",85712,4715
20087,0500000US20087,"Jefferson County, Kansas",95339,5615
20089,0500000US20089,"Jewell County, Kansas",72764,8228
20091,0500000US20091,"Johnson County, Kansas",142699,2087
20093,0500000US20093,"Kearny County, Kansas",89951,7741
20095,0500000US20095,"Kingman County, Kansas",78018,6121
20097,0500000US20097,"Kiowa County, Kansas",101036,15199
20099,0500000US20099,"Labette County, Kansas",70700,3963
20101,0500000US20101,"Lane County, Kansas",81118,11111
20103,0500000US20103,"Leavenworth County, Kansas",104102,3366
20105,0500000US20105,"Lincoln County, Kansas",72920,7780
20107,0500000US20107,"Linn County, Kansas",82270,7879
20109,0500000US20109,"Logan County, Kansas",91409,8874
20111,0500000US20111,"Lyon County, Kansas",72659,2791
20113,0500000US20113,"McPherson County, Kansas",88756,3151
20115,0500000US20115,"Marion County, Kansas",85216,8113
20117,0500000US20117,"Marshall County, Kansas",83404,6301
20119,0500000US20119,"Meade County, Kansas",111777,28687
20121,0500000US20121,"Miami County, Kansas",106267,5357
20123,0500000US20123,"Mitchell County, Kansas",79841,8387
20125,0500000US20125,"Montgomery County, Kansas",67132,3428
20127,0500000US20127,"Morris County, Kansas",76802,7477
20129,0500000US20129,"Morton County, Kansas",76315,9883
20131,0500000US20131,"Nemaha County, Kansas",98052,10642
20133,0500000US20133,"Neosho County, Kansas",71143,5094
20135,0500000US20135,"Ness County, Kansas",99145,18881
20137,0500000US20137,"Norton County, Kansas",65945,7412
20139,0500000US20139,"Osage County, Kansas",81759,3426
20141,0500000US20141,"Osborne County, Kansas",76525,6165
20143,0500000US20143,"Ottawa County, Kansas",89408,6246
20145,0500000US20145,"Pawnee County, Kansas",90081,11946
20147,0500000US20147,"Phillips County, Kansas",75789,5794
20149,0500000US20149,"Pottawatomie County, Kansas",103077,6282
20151,0500000US20151,"Pratt County, Kansas",83123,7327
20153,0500000US20153,"Rawlins County, Kansas",72855,6080
20155,0500000US20155,"Reno County, Kansas",76600,3147
20157,0500000US20157,"Republic County, Kansas",68213,6215
20159,0500000US20159,"Rice County, Kansas",78776,6951
20161,0500000US20161,"Riley County, Kansas",82458,3984
20163,0500000US20163,"Rooks County, Kansas",78805,5038
20165,0500000US20165,"Rush County, Kansas",93181,20751
20167,0500000US20167,"Russell County, Kansas",69802,7674
20169,0500000US20169,"Saline County, Kansas",80637,3791
20171,0500000US20171,"Scott County, Kansas",83157,12046
20173,0500000US20173,"Sedgwick County, Kansas",91563,2169
20175,0500000US20175,"Seward County, Kansas",78653,6478
20177,0500000US20177,"Shawnee County, Kansas",87070,2000
20179,0500000US20179,"Sheridan County, Kansas",105689,14798
20181,0500000US20181,"Sherman County, Kansas",107922,35882
20183,0500000US20183,"Smith County, Kansas",78567,6818
20185,0500000US20185,"Stafford County, Kansas",87716,7837
20187,0500000US20187,"Stanton County, Kansas",89018,19478
20189,0500000US20189,"Stevens County, Kansas",90085,21839
20191,0500000US20191,"Sumner County, Kansas",78544,3745
20193,0500000US20193,"Thomas County, Kansas",96561,12469
20195,0500000US20195,"Trego County, Kansas",91101,17028
20197,0500000US20197,"Wabaunsee County, Kansas",85958,7283
20199,0500000US20199,"Wallace County, Kansas",78237,10630
20201,0500000US20201,"Washington County, Kansas",79440,6358
20203,0500000US20203,"Wichita County, Kansas",91654,17333
20205,0500000US20205,"Wilson County, Kansas",76102,6034
20207,0500000US20207,"Woodson County, Kansas",68097,5355
20209,0500000US20209,"Wyandotte County, Kansas",75022,1821
21001,0500000US21001,"Adair County, Kentucky",67347,9597
21003,0500000US21003,"Allen County, Kentucky",77190,7900
21005,0500000US21005,"Anderson County, Kentucky",88199,5971
21007,0500000US21007,"Ballard County, Kentucky",83257,7739
21009,0500000US21009,"Barren County, Kentucky",69614,4309
21011,0500000US21011,"Bath County, Kentucky",80031,21821
21013,0500000US21013,"Bell County, Kentucky",48307,3902
21015,0500000US21015,"Boone County, Kentucky",116044,3533
21017,0500000US21017,"Bourbon County, Kentucky",79370,5435
21019,0500000US21019,"Boyd County, Kentucky",75673,3547
21021,0500000US21021,"Boyle County, Kentucky",81976,5514
21023,0500000US21023,"Bracken County, Kentucky",79534,6046
21025,0500000US21025,"Breathitt County, Kentucky",54263,4016
21027,0500000US21027,"Breckinridge County, Kentucky",74513,5581
21029,0500000US21029,"Bullitt County, Kentucky",94063,2838
21031,0500000US21031,"Butler County, Kentucky",61584,3395
21033,0500000US21033,"Caldwell County, Kentucky",74415,4823
21035,0500000US21035,"Calloway County, Kentucky",72773,5301
21037,0500000US21037,"Campbell County, Kentucky",106500,3784
21039,0500000US21039,"Carlisle County, Kentucky",87185,17474
21041,0500000US21041,"Carroll County, Kentucky",76214,6473
21043,0500000US21043,"Carter County, Kentucky",71428,7991
21045,0500000US21045,"Casey County, Kentucky",59897,5153
21047,0500000US21047,"Christian County, Kentucky",66827,3485
21049,0500000US21049,"Clark County, Kentucky",94803,7335
21051,0500000US21051,"Clay County, Kentucky",56278,4953
21053,0500000US21053,"Clinton County, Kentucky",57203,4853
21055,0500000US21055,"Crittenden County, Kentucky",69537,5835
21057,0500000US21057,"Cumberland County, Kentucky",52251,5377
21059,0500000US21059,"Daviess County, Kentucky",86574,4011
21061,0500000US21061,"Edmonson County, Kentucky",66980,5637
21063,0500000US21063,"Elliott County, Kentucky",54636,6144
21065,0500000US21065,"Estill County, Kentucky",57737,4978
21067,0500000US21067,"Fayette County, Kentucky",98429,2176
21069,0500000US21069,"Fleming County, Kentucky",66222,6740
21071,0500000US21071,"Floyd County, Kentucky",64123,6207
21073,0500000US21073,"Franklin County, Kentucky",90766,5896
21075,0500000US21075,"Fulton County, Kentucky",47503,5212
21077,0500000US21077,"Gallatin County, Kentucky",77983,6038
21079,0500000US21079,"Garrard County, Kentucky",78139,5839
21081,0500000US21081,"Grant County, Kentucky",80154,4593
21083,0500000US21083,"Graves County, Kentucky",72233,5914
21085,0500000US21085,"Grayson County, Kentucky",69701,4072
21087,0500000US21087,"Green County, Kentucky",59759,5148
21089,0500000US21089,"Greenup County, Kentucky",80703,4706
21091,0500000US21091,"Hancock County, Kentucky",78998,6074
21093,0500000US21093,"Hardin County, Kentucky",92718,6004
21095,0500000US21095,"Harlan County, Kentucky",53481,4286
21097,0500000US21097,"Harrison County, Kentucky",82276,9977
21099,0500000US21099,"Hart County, Kentucky",65536,4539
21101,0500000US21101,"Henderson County, Kentucky",76611,3661
21103,0500000US21103,"Henry County, Kentucky",78321,7395
21105,0500000US21105,"Hickman County, Kentucky",77565,10765
21107,0500000US21107,"Hopkins County, Kentucky",71377,3192
21109,0500000US21109,"Jackson County, Kentucky",54146,5114
21111,0500000US21111,"Jefferson County, Kentucky",95889,1462
21113,0500000US21113,"Jessamine County, Kentucky",112610,12625
21115,0500000US21115,"Johnson County, Kentucky",60016,5486
21117,0500000US21117,"Kenton County, Kentucky",104860,2632
21119,0500000US21119,"Knott County, Kentucky",54045,4740
21121,0500000US21121,"Knox County, Kentucky",53217,6081
21123,0500000US21123,"Larue County, Kentucky",77565,5641
21125,0500000US21125,"Laurel County, Kentucky",71463,3301
21127,0500000US21127,"Lawrence County, Kentucky",62255,6584
21129,0500000US21129,"Lee County, Kentucky",50023,9358
21131,0500000US21131,"Leslie County, Kentucky",53558,6212
21133,0500000US21133,"Letcher County, Kentucky",57823,5757
21135,0500000US21135,"Lewis County, Kentucky",58763,4598
21137,0500000US21137,"Lincoln County, Kentucky",69092,6613
21139,0500000US21139,"Livingston County, Kentucky",72048,6057
21141,0500000US21141,"Logan County, Kentucky",73133,4000
21143,0500000US21143,"Lyon County, Kentucky",83313,7214
21145,0500000US21145,"McCracken County, Kentucky",92551,4696
21147,0500000US21147,"McCreary County, Kentucky",47136,6670
21149,0500000US21149,"McLean County, Kentucky",86894,6542
21151,0500000US21151,"Madison County, Kentucky",82086,2889
21153,0500000US21153,"Magoffin County, Kentucky",48749,5843
21155,0500000US21155,"Marion County, Kentucky",68294,5003
21157,0500000US21157,"Marshall County, Kentucky",81091,4582
21159,0500000US21159,"Martin County, Kentucky",70987,20189
21161,0500000US21161,"Mason County, Kentucky",78747,8326
21163,0500000US21163,"Meade County, Kentucky",89853,5010
21165,0500000US21165,"Menifee County, Kentucky",64037,8775
21167,0500000US21167,"Mercer County, Kentucky",78790,5922
21169,0500000US21169,"Metcalfe County, Kentucky",59577,5580
21171,0500000US21171,"Monroe County, Kentucky",64452,5373
21173,0500000US21173,"Montgomery County, Kentucky",71993,4483
21175,0500000US21175,"Morgan County, Kentucky",70860,9049
21177,0500000US21177,"Muhlenberg County, Kentucky",77401,6756
21179,0500000US21179,"Nelson County, Kentucky",85121,4039
21181,0500000US21181,"Nicholas County, Kentucky",62452,5636
21183,0500000US21183,"Ohio County, Kentucky",68954,4122
21185,0500000US21185,"Oldham County, Kentucky",159042,7282
21187,0500000US21187,"Owen County, Kentucky",75233,5825
21189,0500000US21189,"Owsley County, Kentucky",50599,11036
21191,0500000US21191,"Pendleton County, Kentucky",78596,7272
21193,0500000US21193,"Perry County, Kentucky",74273,13166
21195,0500000US21195,"Pike County, Kentucky",60376,2900
21197,0500000US21197,"Powell County, Kentucky",61387,6166
21199,0500000US21199,"Pulaski County, Kentucky",75173,5219
21201,0500000US21201,"Robertson County, Kentucky",66923,13704
21203,0500000US21203,"Rockcastle County, Kentucky",67845,7129
21205,0500000US21205,"Rowan County, Kentucky",78365,8582
21207,0500000US21207,"Russell County, Kentucky",68781,7089
21209,0500000US21209,"Scott County, Kentucky",103080,3406
21211,0500000US21211,"Shelby County, Kentucky",102077,5089
21213,0500000US21213,"Simpson County, Kentucky",70729,4995
21215,0500000US21215,"Spencer County, Kentucky",110220,7404
21217,0500000US21217,"Taylor County, Kentucky",72642,6140
21219,0500000US21219,"Todd County, Kentucky",79635,8149
21221,0500000US21221,"Trigg County, Kentucky",73411,6470
21223,0500000US21223,"Trimble County, Kentucky",81427,9293
21225,0500000US21225,"Union County, Kentucky",75274,8540
21227,0500000US21227,"Warren County, Kentucky",87897,5501
21229,0500000US21229,"Washington County, Kentucky",77873,6944
21231,0500000US21231,"Wayne County, Kentucky",64290,10313
21233,0500000US21233,"Webster County, Kentucky",70225,4558
21235,0500000US21235,"Whitley County, Kentucky",62066,5759
21237,0500000US21237,"Wolfe County, Kentucky",38556,4815
21239,0500000US21239,"Woodford County, Kentucky",101773,5101
22001,0500000US22001,"Acadia Parish, Louisiana",66626,3771
22003,0500000US22003,"Allen Parish, Louisiana",66692,6612
22005,0500000US22005,"Ascension Parish, Louisiana",112452,4400
22007,0500000US22007,"Assumption Parish, Louisiana",76288,6242
22009,0500000US22009,"Avoyelles Parish, Louisiana",59386,4843
22011,0500000US22011,"Beauregard Parish, Louisiana",85624,4060
22013,0500000US22013,"Bienville Parish, Louisiana",57923,7752
22015,0500000US22015,"Bossier Parish, Louisiana",90757,4215
22017,0500000US22017,"Caddo Parish, Louisiana",77213,2650
22019,0500000US22019,"Calcasieu Parish, Louisiana",92900,3382
22021,0500000US22021,"Caldwell Parish, Louisiana",73179,10947
22023,0500000US22023,"Cameron Parish, Louisiana",93121,10799
22025,0500000US22025,"Catahoula Parish, Louisiana",60724,5311
22027,0500000US22027,"Claiborne Parish, Louisiana",51822,8761
22029,0500000US22029,"Concordia Parish, Louisiana",57433,5631
22031,0500000US22031,"De Soto Parish, Louisiana",74350,5584
22033,0500000US22033,"East Baton Rouge Parish, Louisiana",94856,2650
22035,0500000US22035,"East Carroll Parish, Louisiana",48868,6866
22037,0500000US22037,"East Feliciana Parish, Louisiana",101271,11195
22039,0500000US22039,"Evangeline Parish, Louisiana",61320,3036
22041,0500000US22041,"Franklin Parish, Louisiana",68738,6965
22043,0500000US22043,"Grant Parish, Louisiana",76304,6190
22045,0500000US22045,"Iberia Parish, Louisiana",76182,4856
22047,0500000US22047,"Iberville Parish, Louisiana",78701,5533
22049,0500000US22049,"Jackson Parish, Louisiana",61119,4171
22051,0500000US22051,"Jefferson Parish, Louisiana",91025,2553
22053,0500000US22053,"Jefferson Davis Parish, Louisiana",75091,5375
22055,0500000US22055,"Lafayette Parish, Louisiana",94948,2943
22057,0500000US22057,"Lafourche Parish, Louisiana",83215,3550
22059,0500000US22059,"LaSalle Parish, Louisiana",81315,8057
22061,0500000US22061,"Lincoln Parish, Louisiana",64508,3881
22063,0500000US22063,"Livingston Parish, Louisiana",91769,3412
22065,0500000US22065,"Madison Parish, Louisiana",56560,4589
22067,0500000US22067,"Morehouse Parish, Louisiana",59950,5645
22069,0500000US22069,"Natchitoches Parish, Louisiana",68240,3345
22071,0500000US22071,"Orleans Parish, Louisiana",89943,1974
22073,0500000US22073,"Ouachita Parish, Louisiana",76757,3091
22075,0500000US22075,"Plaquemines Parish, Louisiana",100882,11740
22077,0500000US22077,"Pointe Coupee Parish, Louisiana",76024,6467
22079,0500000US22079,"Rapides Parish, Louisiana",79662,3143
22081,0500000US22081,"Red River Parish, Louisiana",62550,6584
22083,0500000US22083,"Richland Parish, Louisiana",69136,5327
22085,0500000US22085,"Sabine Parish, Louisiana",69439,4706
22087,0500000US22087,"St. Bernard Parish, Louisiana",77494,4588
22089,0500000US22089,"St. Charles Parish, Louisiana",105813,8129
22091,0500000US22091,"St. Helena Parish, Louisiana",60962,6708
22093,0500000US22093,"St. James Parish, Louisiana",90475,6576
22095,0500000US22095,"St. John the Baptist Parish, Louisiana",82408,5046
22097,0500000US22097,"St. Landry Parish, Louisiana",62849,3219
22099,0500000US22099,"St. Martin Parish, Louisiana",74226,3995
22101,0500000US22101,"St. Mary Parish, Louisiana",70302,4094
22103,0500000US22103,"St. Tammany Parish, Louisiana",106854,2998
22105,0500000US22105,"Tangipahoa Parish, Louisiana",80091,5425
22107,0500000US22107,"Tensas Parish, Louisiana",50490,7952
22109,0500000US22109,"Terrebonne Parish, Louisiana",85147,5051
22111,0500000US22111,"Union Parish, Louisiana",64887,5301
22113,0500000US22113,"Vermilion Parish, Louisiana",75614,3220
22115,0500000US22115,"Vernon Parish, Louisiana",74713,3895
22117,0500000US22117,"Washington Parish, Louisiana",64790,4391
22119,0500000US22119,"Webster Parish, Louisiana",58262,4186
22121,0500000US22121,"West Baton Rouge Parish, Louisiana",100545,8341
22123,0500000US22123,"West Carroll Parish, Louisiana",67443,6596
22125,0500000US22125,"West Feliciana Parish, Louisiana",102965,9954
22127,0500000US22127,"Winn Parish, Louisiana",70666,6607
23001,0500000US23001,"Androscoggin County, Maine",85807,2768
23003,0500000US23003,"Aroostook County, Maine",73148,3413
23005,0500000US23005,"Cumberland County, Maine",125434,2503
23007,0500000US23007,"Franklin County, Maine",80168,5805
23009,0500000US23009,"Hancock County, Maine",91525,3275
23011,0500000US23011,"Kennebec County, Maine",85256,2322
23013,0500000US23013,"Knox County, Maine",95678,4164
23015,0500000US23015,"Lincoln County, Maine",98711,5470
23017,0500000US23017,"Oxford County, Maine",78431,2590
23019,0500000US23019,"Penobscot County, Maine",84825,2382
23021,0500000US23021,"Piscataquis County, Maine",74961,5312
23023,0500000US23023,"Sagadahoc County, Maine",101281,5452
23025,0500000US23025,"Somerset County, Maine",72900,4853
23027,0500000US23027,"Waldo County, Maine",86416,3548
23029,0500000US23029,"Washington County, Maine",71586,2492
23031,0500000US23031,"York County, Maine",104151,2408
24001,0500000US24001,"Allegany County, Maryland",72567,2485
24003,0500000US24003,"Anne Arundel County, Maryland",152859,2594
24005,0500000US24005,"Baltimore County, Maryland",121241,1684
24009,0500000US24009,"Calvert County, Maryland",153737,5050
24011,0500000US24011,"Caroline County, Maryland",87193,4217
24013,0500000US24013,"Carroll County, Maryland",138928,3062
24015,0500000US24015,"Cecil County, Maryland",110672,4017
24017,0500000US24017,"Charles County, Maryland",140010,3857
24019,0500000US24019,"Dorchester County, Maryland",82059,4178
24021,0500000US24021,"Frederick County, Maryland",144655,2191
24023,0500000US24023,"Garrett County, Maryland",96458,8209
24025,0500000US24025,"Harford County, Maryland",132060,2375
24027,0500000US24027,"Howard County, Maryland",180793,3213
24029,0500000US24029,"Kent County, Maryland",100801,6749
24031,0500000US24031,"Montgomery County, Maryland",177086,1823
24033,0500000US24033,"Prince George's County, Maryland",122461,1287
24035,0500000US24035,"Queen Anne's County, Maryland",139205,5857
24037,0500000US24037,"St. Mary's County, Maryland",138624,4745
24039,0500000US24039,"Somerset County, Maryland",68629,5617
24041,0500000US24041,"Talbot County, Maryland",121378,6374
24043,0500000US24043,"Washington County, Maryland",95432,2814
24045,0500000US24045,"Wicomico County, Maryland",95675,4083
24047,0500000US24047,"Worcester County, Maryland",115398,7141
24510,0500000US24510,"Baltimore city, Maryland",87339,1433
25001,0500000US25001,"Barnstable County, Massachusetts",132436,2872
25003,0500000US25003,"Berkshire County, Massachusetts",105155,4017
25005,0500000US25005,"Bristol County, Massachusetts",108996,1621
25007,0500000US25007,"Dukes County, Massachusetts",176872,39776
25009,0500000US25009,"Essex County, Massachusetts",136127,2124
25011,0500000US25011,"Franklin County, Massachusetts",91453,2810
25013,0500000US25013,"Hampden County, Massachusetts",93919,1761
25015,0500000US25015,"Hampshire County, Massachusetts",114325,4183
25017,0500000US25017,"Middlesex County, Massachusetts",172162,1651
25019,0500000US25019,"Nantucket County, Massachusetts",194491,16333
25021,0500000US25021,"Norfolk County, Massachusetts",177133,2498
25023,0500000US25023,"Plymouth County, Massachusetts",147024,2791
25025,0500000US25025,"Suffolk County, Massachusetts",136155,2097
25027,0500000US25027,"Worcester County, Massachusetts",122104,1628
26001,0500000US26001,"Alcona County, Michigan",70723,3591
26003,0500000US26003,"Alger County, Michigan",69972,3604
26005,0500000US26005,"Allegan County, Michigan",99705,3034
26007,0500000US26007,"Alpena County, Michigan",72874,4513
26009,0500000US26009,"Antrim County, Michigan",91809,4076
26011,0500000US26011,"Arenac County, Michigan",69907,2288
26013,0500000US26013,"Baraga County, Michigan",71095,5086
26015,0500000US26015,"Barry County, Michigan",100618,5577
26017,0500000US26017,"Bay County, Michigan",77994,2105
26019,0500000US26019,"Benzie County, Michigan",96668,5413
26021,0500000US26021,"Berrien County, Michigan",88982,2309
26023,0500000US26023,"Branch County, Michigan",78604,2938
26025,0500000US26025,"Calhoun County, Michigan",80429,2122
26027,0500000US26027,"Cass County, Michigan",94695,4366
26029,0500000US26029,"Charlevoix County, Michigan",102533,4547
26031,0500000US26031,"Cheboygan County, Michigan",79606,4336
26033,0500000US26033,"Chippewa County, Michigan",77181,5330
26035,0500000US26035,"Clare County, Michigan",66300,3181
26037,0500000US26037,"Clinton County, Michigan",110367,3780
26039,0500000US26039,"Crawford County, Michigan",68771,3360
26041,0500000US26041,"Delta County, Michigan",77286,5002
26043,0500000US26043,"Dickinson County, Michigan",79343,4249
26045,0500000US26045,"Eaton County, Michigan",95377,2518
26047,0500000US26047,"Emmet County, Michigan",104840,5602
26049,0500000US26049,"Genesee County, Michigan",82790,2040
26051,0500000US26051,"Gladwin County, Michigan",74438,3354
26053,0500000US26053,"Gogebic County, Michigan",67756,4339
26055,0500000US26055,"Grand Traverse County, Michigan",102115,3591
26057,0500000US26057,"Gratiot County, Michigan",81865,4293
26059,0500000US26059,"Hillsdale County, Michigan",78710,3274
26061,0500000US26061,"Houghton County, Michigan",77744,3485
26063,0500000US26063,"Huron County, Michigan",74244,2008
26065,0500000US26065,"Ingham County, Michigan",88247,2043
26067,0500000US26067,"Ionia County, Michigan",84553,4424
26069,0500000US26069,"Iosco County, Michigan",63001,3272
26071,0500000US26071,"Iron County, Michigan",67747,4188
26073,0500000US26073,"Isabella County, Michigan",72425,2791
26075,0500000US26075,"Jackson County, Michigan",86795,3088
26077,0500000US26077,"Kalamazoo County, Michigan",96937,2502
26079,0500000US26079,"Kalkaska County, Michigan",76261,4396
26081,0500000US26081,"Kent County, Michigan",105864,1360
26083,0500000US26083,"Keweenaw County, Michigan",88295,10344
26085,0500000US26085,"Lake County, Michigan",61941,3061
26087,0500000US26087,"Lapeer County, Michigan",95711,3432
26089,0500000US26089,"Leelanau County, Michigan",127724,8982
26091,0500000US26091,"Lenawee County, Michigan",83678,2209
26093,0500000US26093,"Livingston County, Michigan",126515,2793
26095,0500000US26095,"Luce County, Michigan",69918,5474
26097,0500000US26097,"Mackinac County, Michigan",74438,3995
26099,0500000US26099,"Macomb County, Michigan",96605,1216
26101,0500000US26101,"Manistee County, Michigan",81133,4226
26103,0500000US26103,"Marquette County, Michigan",80432,1954
26105,0500000US26105,"Mason County, Michigan",80155,3465
26107,0500000US26107,"Mecosta County, Michigan",70726,2033
26109,0500000US26109,"Menominee County, Michigan",71229,3283
26111,0500000US26111,"Midland County, Michigan",102291,3099
26113,0500000US26113,"Missaukee County, Michigan",78686,6875
26115,0500000US26115,"Monroe County, Michigan",96199,2095
26117,0500000US26117,"Montcalm County, Michigan",76263,1892
26119,0500000US26119,"Montmorency County, Michigan",61899,3364
26121,0500000US26121,"Muskegon County, Michigan",81923,2530
26123,0500000US26123,"Newaygo County, Michigan",77086,2170
26125,0500000US26125,"Oakland County, Michigan",130332,1280
26127,0500000US26127,"Oceana County, Michigan",79555,4000
26129,0500000US26129,"Ogemaw County, Michigan",68739,2835
26131,0500000US26131,"Ontonagon County, Michigan",64711,4469
26133,0500000US26133,"Osceola County, Michigan",72359,2484
26135,0500000US26135,"Oscoda County, Michigan",62776,3918
26137,0500000US26137,"Otsego County, Michigan",84167,4337
26139,0500000US26139,"Ottawa County, Michigan",110019,2297
26141,0500000US26141,"Presque Isle County, Michigan",75785,4848
26143,0500000US26143,"Roscommon County, Michigan",76109,4712
26145,0500000US26145,"Saginaw County, Michigan",81912,2269
26147,0500000US26147,"St. Clair County, Michigan",88904,2312
26149,0500000US26149,"St. Joseph County, Michigan",78907,2835
26151,0500000US26151,"Sanilac County, Michigan",76203,2152
26153,0500000US26153,"Schoolcraft County, Michigan",75970,6338
26155,0500000US26155,"Shiawassee County, Michigan",82060,3421
26157,0500000US26157,"Tuscola County, Michigan",75231,2241
26159,0500000US26159,"Van Buren County, Michigan",82494,2271
26161,0500000US26161,"Washtenaw County, Michigan",122847,2178
26163,0500000US26163,"Wayne County, Michigan",83852,755
26165,0500000US26165,"Wexford County, Michigan",80750,4067
27001,0500000US27001,"Aitkin County, Minnesota",75979,2646
27003,0500000US27003,"Anoka County, Minnesota",116995,1751
27005,0500000US27005,"Becker County, Minnesota",97828,6062
27007,0500000US27007,"Beltrami County, Minnesota",87814,3308
27009,0500000US27009,"Benton County, Minnesota",89846,3183
27011,0500000US27011,"Big Stone County, Minnesota",84183,5738
27013,0500000US27013,"Blue Earth County, Minnesota",91392,3367
27015,0500000US27015,"Brown County, Minnesota",84690,3351
27017,0500000US27017,"Carlton County, Minnesota",95960,4929
27019,0500000US27019,"Carver County, Minnesota",154466,4079
27021,0500000US27021,"Cass County, Minnesota",86129,2096
27023,0500000US27023,"Chippewa County, Minnesota",83510,4853
27025,0500000US27025,"Chisago County, Minnesota",113914,3630
27027,0500000US27027,"Clay County, Minnesota",96841,3267
27029,0500000US27029,"Clearwater County, Minnesota",82595,3696
27031,0500000US27031,"Cook County, Minnesota",93449,7674
27033,0500000US27033,"Cottonwood County, Minnesota",83505,4893
27035,0500000US27035,"Crow Wing County, Minnesota",92518,2846
27037,0500000US27037,"Dakota County, Minnesota",129420,1516
27039,0500000US27039,"Dodge County, Minnesota",113969,7124
27041,0500000US27041,"Douglas County, Minnesota",99168,3591
27043,0500000US27043,"Faribault County, Minnesota",83306,2986
27045,0500000US27045,"Fillmore County, Minnesota",91634,2608
27047,0500000US27047,"Freeborn County, Minnesota",90460,7117
27049,0500000US27049,"Goodhue County, Minnesota",100638,3466
27051,0500000US27051,"Grant County, Minnesota",92164,6839
27053,0500000US27053,"Hennepin County, Minnesota",135302,1202
27055,0500000US27055,"Houston County, Minnesota",95566,4899
27057,0500000US27057,"Hubbard County, Minnesota",91194,4430
27059,0500000US27059,"Isanti County, Minnesota",101811,3648
27061,0500000US27061,"Itasca County, Minnesota",85747,2953
27063,0500000US27063,"Jackson County, Minnesota",87597,4301
27065,0500000US27065,"Kanabec County, Minnesota",87243,3741
27067,0500000US27067,"Kandiyohi County, Minnesota",93123,3801
27069,0500000US27069,"Kittson County, Minnesota",87046,4990
27071,0500000US27071,"Koochiching County, Minnesota",85803,6054
27073,0500000US27073,"Lac qui Parle County, Minnesota",91856,4632
27075,0500000US27075,"Lake County, Minnesota",87480,4238
27077,0500000US27077,"Lake of the Woods County, Minnesota",85860,8281
27079,0500000US27079,"Le Sueur County, Minnesota",107148,3582
27081,0500000US27081,"Lincoln County, Minnesota",89386,4702
27083,0500000US27083,"Lyon County, Minnesota",92902,5693
27085,0500000US27085,"McLeod County, Minnesota",98060,5594
27087,0500000US27087,"Mahnomen County, Minnesota",70590,2669
27089,0500000US27089,"Marshall County, Minnesota",85400,2573
27091,0500000US27091,"Martin County, Minnesota",84513,4618
27093,0500000US27093,"Meeker County, Minnesota",92101,2692
27095,0500000US27095,"Mille Lacs County, Minnesota",87091,3288
27097,0500000US27097,"Morrison County, Minnesota",87320,2599
27099,0500000US27099,"Mower County, Minnesota",91617,3742
27101,0500000US27101,"Murray County, Minnesota",90524,3606
27103,0500000US27103,"Nicollet County, Minnesota",109919,8652
27105,0500000US27105,"Nobles County, Minnesota",83658,4757
27107,0500000US27107,"Norman County, Minnesota",87596,5142
27109,0500000US27109,"Olmsted County, Minnesota",128162,3338
27111,0500000US27111,"Otter Tail County, Minnesota",90657,2079
27113,0500000US27113,"Pennington County, Minnesota",90522,5408
27115,0500000US27115,"Pine County, Minnesota",82355,2497
27117,0500000US27117,"Pipestone County, Minnesota",87296,3909
27119,0500000US27119,"Polk County, Minnesota",87199,3062
27121,0500000US27121,"Pope County, Minnesota",90462,3169
27123,0500000US27123,"Ramsey County, Minnesota",110836,1757
27125,0500000US27125,"Red Lake County, Minnesota",88135,4970
27127,0500000US27127,"Redwood County, Minnesota",82811,3904
27129,0500000US27129,"Renville County, Minnesota",86499,2863
27131,0500000US27131,"Rice County, Minnesota",104482,3359
27133,0500000US27133,"Rock County, Minnesota",91836,4982
27135,0500000US27135,"Roseau County, Minnesota",88644,4092
27137,0500000US27137,"St. Louis County, Minnesota",90610,2591
27139,0500000US27139,"Scott County, Minnesota",150088,3767
27141,0500000US27141,"Sherburne County, Minnesota",121697,4098
27143,0500000US27143,"Sibley County, Minnesota",95336,4343
27145,0500000US27145,"Stearns County, Minnesota",97399,2615
27147,0500000US27147,"Steele County, Minnesota",101912,5021
27149,0500000US27149,"Stevens County, Minnesota",103377,9122
27151,0500000US27151,"Swift County, Minnesota",84897,5104
27153,0500000US27153,"Todd County, Minnesota",79344,2107
27155,0500000US27155,"Traverse County, Minnesota",85746,5923
27157,0500000US27157,"Wabasha County, Minnesota",98579,3716
27159,0500000US27159,"Wadena County, Minnesota",72882,2695
27161,0500000US27161,"Waseca County, Minnesota",93960,6972
27163,0500000US27163,"Washington County, Minnesota",148315,2804
27165,0500000US27165,"Watonwan County, Minnesota",89633,6587
27167,0500000US27167,"Wilkin County, Minnesota",84280,5068
27169,0500000US27169,"Winona County, Minnesota",89289,3804
27171,0500000US27171,"Wright County, Minnesota",123045,2922
27173,0500000US27173,"Yellow Medicine County, Minnesota",92166,4435
28001,0500000US28001,"Adams County, Mississippi",58556,5278
28003,0500000US28003,"Alcorn County, Mississippi",69592,5883
28005,0500000US28005,"Amite County, Mississippi",51253,5159
28007,0500000US28007,"Attala County, Mississippi",70667,7160
28009,0500000US28009,"Benton County, Mississippi",55959,5319
28011,0500000US28011,"Bolivar County, Mississippi",62065,4676
28013,0500000US28013,"Calhoun County, Mississippi",58792,4781
28015,0500000US28015,"Carroll County, Mississippi",67202,8772
28017,0500000US28017,"Chickasaw County, Mississippi",54166,4121
28019,0500000US28019,"Choctaw County, Mississippi",69483,11361
28021,0500000US28021,"Claiborne County, Mississippi",53673,13650
28023,0500000US28023,"Clarke County, Mississippi",62727,5738
28025,0500000US28025,"Clay County, Mississippi",57551,5871
28027,0500000US28027,"Coahoma County, Mississippi",54806,5220
28029,0500000US28029,"Copiah County, Mississippi",77936,15674
28031,0500000US28031,"Covington County, Mississippi",65573,8964
28033,0500000US28033,"DeSoto County, Mississippi",98245,2552
28035,0500000US28035,"Forrest County, Mississippi",74247,4371
28037,0500000US28037,"Franklin County, Mississippi",62898,7876
28039,0500000US28039,"George County, Mississippi",72483,6273
28041,0500000US28041,"Greene County, Mississippi",70042,7570
28043,0500000US28043,"Grenada County, Mississippi",70611,6674
28045,0500000US28045,"Hancock County, Mississippi",91745,7500
28047,0500000US28047,"Harrison County, Mississippi",77949,1841
28049,0500000US28049,"Hinds County, Mississippi",71220,2308
28051,0500000US28051,"Holmes County, Mississippi",55138,8494
28053,0500000US28053,"Humphreys County, Mississippi",58836,11537
28055,0500000US28055,"Issaquena County, Mississippi",39443,7232
28057,0500000US28057,"Itawamba County, Mississippi",95997,19596
28059,0500000US28059,"Jackson County, Mississippi",85693,3738
28061,0500000US28061,"Jasper County, Mississippi",59344,5082
28063,0500000US28063,"Jefferson County, Mississippi",53294,8936
28065,0500000US28065,"Jefferson Davis County, Mississippi",56805,4816
28067,0500000US28067,"Jones County, Mississippi",73758,4671
28069,0500000US28069,"Kemper County, Mississippi",56293,6414
28071,0500000US28071,"Lafayette County, Mississippi",99327,8215
28073,0500000US28073,"Lamar County, Mississippi",97646,8085
28075,0500000US28075,"Lauderdale County, Mississippi",70625,3803
28077,0500000US28077,"Lawrence County, Mississippi",65806,11282
28079,0500000US28079,"Leake County, Mississippi",69847,7459
28081,0500000US28081,"Lee County, Mississippi",86064,3524
28083,0500000US28083,"Leflore County, Mississippi",58150,5393
28085,0500000US28085,"Lincoln County, Mississippi",68516,4924
28087,0500000US28087,"Lowndes County, Mississippi",74538,4190
28089,0500000US28089,"Madison County, Mississippi",119928,5446
28091,0500000US28091,"Marion County, Mississippi",67117,7728
28093,0500000US28093,"Marshall County, Mississippi",73205,5774
28095,0500000US28095,"Monroe County, Mississippi",69070,4161
28097,0500000US28097,"Montgomery County, Mississippi",62379,7964
28099,0500000US28099,"Neshoba County, Mississippi",67191,4785
28101,0500000US28101,"Newton County, Mississippi",74698,8502
28103,0500000US28103,"Noxubee County, Mississippi",48133,5142
28105,0500000US28105,"Oktibbeha County, Mississippi",69056,4438
28107,0500000US28107,"Panola County, Mississippi",62656,4762
28109,0500000US28109,"Pearl River County, Mississippi",71898,3821
28111,0500000US28111,"Perry County, Mississippi",61862,4975
28113,0500000US28113,"Pike County, Mississippi",57646,4796
28115,0500000US28115,"Pontotoc County, Mississippi",69978,4914
28117,0500000US28117,"Prentiss County, Mississippi",72927,7196
28119,0500000US28119,"Quitman County, Mississippi",47613,5737
28121,0500000US28121,"Rankin County, Mississippi",97152,3276
28123,0500000US28123,"Scott County, Mississippi",63183,6504
28125,0500000US28125,"Sharkey County, Mississippi",58845,7153
28127,0500000US28127,"Simpson County, Mississippi",77692,5879
28129,0500000US28129,"Smith County, Mississippi",63988,5635
28131,0500000US28131,"Stone County, Mississippi",73281,7281
28133,0500000US28133,"Sunflower County, Mississippi",55026,3065
28135,0500000US28135,"Tallahatchie County, Mississippi",55647,6129
28137,0500000US28137,"Tate County, Mississippi",76186,6444
28139,0500000US28139,"Tippah County, Mississippi",70578,6818
28141,0500000US28141,"Tishomingo County, Mississippi",64019,4397
28143,0500000US28143,"Tunica County, Mississippi",56787,8853
28145,0500000US28145,"Union County, Mississippi",76400,5934
28147,0500000US28147,"Walthall County, Mississippi",68770,8580
28149,0500000US28149,"Warren County, Mississippi",81976,4559
28151,0500000US28151,"Washington County, Mississippi",58434,3260
28153,0500000US28153,"Wayne County, Mississippi",63668,8689
28155,0500000US28155,"Webster County, Mississippi",67874,4672
28157,0500000US28157,"Wilkinson County, Mississippi",53217,8259
28159,0500000US28159,"Winston County, Mississippi",68306,8064
28161,0500000US28161,"Yalobusha County, Mississippi",59840,4747
28163,0500000US28163,"Yazoo County, Mississippi",56767,3616
29001,0500000US29001,"Adair County, Missouri",91227,12754
29003,0500000US29003,"Andrew County, Missouri",89386,5047
29005,0500000US29005,"Atchison County, Missouri",76140,8045
29007,0500000US29007,"Audrain County, Missouri",71849,4703
29009,0500000US29009,"Barry County, Missouri",80282,7371
29011,0500000US29011,"Barton County, Missouri",65483,5859
29013,0500000US29013,"Bates County, Missouri",73202,4200
29015,0500000US29015,"Benton County, Missouri",68388,7412
29017,0500000US29017,"Bollinger County, Missouri",65633,5662
29019,0500000US29019,"Boone County, Missouri",95070,2524
29021,0500000US29021,"Buchanan County, Missouri",80717,3340
29023,0500000US29023,"Butler County, Missouri",66403,3140
29025,0500000US29025,"Caldwell County, Missouri",77596,5876
29027,0500000US29027,"Callaway County, Missouri",88969,4194
29029,0500000US29029,"Camden County, Missouri",87539,4633
29031,0500000US29031,"Cape Girardeau County, Missouri",88767,4325
29033,0500000US29033,"Carroll County, Missouri",79090,8438
29035,0500000US29035,"Carter County, Missouri",65018,12032
29037,0500000US29037,"Cass County, Missouri",105071,2845
29039,0500000US29039,"Cedar County, Missouri",74308,12647
29041,0500000US29041,"Chariton County, Missouri",76981,5606
29043,0500000US29043,"Christian County, Missouri",102125,4801
29045,0500000US29045,"Clark County, Missouri",70553,5746
29047,0500000US29047,"Clay County, Missouri",105515,2609
29049,0500000US29049,"Clinton County, Missouri",88767,7202
29051,0500000US29051,"Cole County, Missouri",91246,3291
29053,0500000US29053,"Cooper County, Missouri",79256,3623
29055,0500000US29055,"Crawford County, Missouri",77661,6460
29057,0500000US29057,"Dade County, Missouri",70733,6048
29059,0500000US29059,"Dallas County, Missouri",68856,6817
29061,0500000US29061,"Daviess County, Missouri",81647,5464
29063,0500000US29063,"DeKalb County, Missouri",80382,5957
29065,0500000US29065,"Dent County, Missouri",66341,5876
29067,0500000US29067,"Douglas County, Missouri",72916,9962
29069,0500000US29069,"Dunklin County, Missouri",66097,5376
29071,0500000US29071,"Franklin County, Missouri",90460,2528
29073,0500000US29073,"Gasconade County, Missouri",85449,7801
29075,0500000US29075,"Gentry County, Missouri",75900,8012
29077,0500000US29077,"Greene County, Missouri",80453,2287
29079,0500000US29079,"Grundy County, Missouri",76823,10573
29081,0500000US29081,"Harrison County, Missouri",63860,3959
29083,0500000US29083,"Henry County, Missouri",76598,5909
29085,0500000US29085,"Hickory County, Missouri",47120,4391
29087,0500000US29087,"Holt County, Missouri",80729,7857
29089,0500000US29089,"Howard County, Missouri",83267,5759
29091,0500000US29091,"Howell County, Missouri",64950,3059
29093,0500000US29093,"Iron County, Missouri",64673,4263
29095,0500000US29095,"Jackson County, Missouri",89895,1288
29097,0500000US29097,"Jasper County, Missouri",75406,3064
29099,0500000US29099,"Jefferson County, Missouri",96337,2368
29101,0500000US29101,"Johnson County, Missouri",82729,3522
29103,0500000US29103,"Knox County, Missouri",67196,7585
29105,0500000US29105,"Laclede County, Missouri",68851,4620
29107,0500000US29107,"Lafayette County, Missouri",91942,4274
29109,0500000US29109,"Lawrence County, Missouri",71034,3328
29111,0500000US29111,"Lewis County, Missouri",68625,6917
29113,0500000US29113,"Lincoln County, Missouri",95743,4379
29115,0500000US29115,"Linn County, Missouri",81761,7398
29117,0500000US29117,"Livingston County, Missouri",80131,5521
29119,0500000US29119,"McDonald County, Missouri",66339,3665
29121,0500000US29121,"Macon County, Missouri",70099,3492
29123,0500000US29123,"Madison County, Missouri",79585,9645
29125,0500000US29125,"Maries County, Missouri",74425,6421
29127,0500000US29127,"Marion County, Missouri",77702,4754
29129,0500000US29129,"Mercer County, Missouri",68290,5672
29131,0500000US29131,"Miller County, Missouri",74505,4552
29133,0500000US29133,"Mississippi County, Missouri",58113,4950
29135,0500000US29135,"Moniteau County, Missouri",78901,5707
29137,0500000US29137,"Monroe County, Missouri",64338,4688
29139,0500000US29139,"Montgomery County, Missouri",73885,5317
29141,0500000US29141,"Morgan County, Missouri",75808,8624
29143,0500000US29143,"New Madrid County, Missouri",68154,4648
29145,0500000US29145,"Newton County, Missouri",86775,4161
29147,0500000US29147,"Nodaway County, Missouri",71121,3252
29149,0500000US29149,"Oregon County, Missouri",58556,5029
29151,0500000US29151,"Osage County, Missouri",104002,17900
29153,0500000US29153,"Ozark County, Missouri",69410,9219
29155,0500000US29155,"Pemiscot County, Missouri",63715,5883
29157,0500000US29157,"Perry County, Missouri",82644,4785
29159,0500000US29159,"Pettis County, Missouri",78089,3924
29161,0500000US29161,"Phelps County, Missouri",72483,3586
29163,0500000US29163,"Pike County, Missouri",74695,4405
29165,0500000US29165,"Platte County, Missouri",122134,3523
29167,0500000US29167,"Polk County, Missouri",73323,4688
29169,0500000US29169,"Pulaski County, Missouri",78175,4140
29171,0500000US29171,"Putnam County, Missouri",72634,8534
29173,0500000US29173,"Ralls County, Missouri",79625,6088
29175,0500000US29175,"Randolph County, Missouri",69996,3999
29177,0500000US29177,"Ray County, Missouri",92398,7255
29179,0500000US29179,"Reynolds County, Missouri",59796,5216
29181,0500000US29181,"Ripley County, Missouri",58240,4122
29183,0500000US29183,"St. Charles County, Missouri",127112,2424
29185,0500000US29185,"St. Clair County, Missouri",60329,4452
29186,0500000US29186,"Ste. Genevieve County, Missouri",85768,7081
29187,0500000US29187,"St. Francois County, Missouri",73573,3216
29189,0500000US29189,"St. Louis County, Missouri",121117,1427
29195,0500000US29195,"Saline County, Missouri",74941,5037
29197,0500000US29197,"Schuyler County, Missouri",65975,4812
29199,0500000US29199,"Scotland County, Missouri",86058,11566
29201,0500000US29201,"Scott County, Missouri",78589,4641
29203,0500000US29203,"Shannon County, Missouri",62622,4744
29205,0500000US29205,"Shelby County, Missouri",68661,5566
29207,0500000US29207,"Stoddard County, Missouri",67216,3259
29209,0500000US29209,"Stone County, Missouri",78728,4264
29211,0500000US29211,"Sullivan County, Missouri",68319,5082
29213,0500000US29213,"Taney County, Missouri",78210,3897
29215,0500000US29215,"Texas County, Missouri",60833,3996
29217,0500000US29217,"Vernon County, Missouri",66354,3820
29219,0500000US29219,"Warren County, Missouri",97919,5528
29221,0500000US29221,"Washington County, Missouri",75326,11470
29223,0500000US29223,"Wayne County, Missouri",57999,4679
29225,0500000US29225,"Webster County, Missouri",83200,5539
29227,0500000US29227,"Worth County, Missouri",67906,8089
29229,0500000US29229,"Wright County, Missouri",59814,4421
29510,0500000US29510,"St. Louis city, Missouri",78097,1564
30001,0500000US30001,"Beaverhead County, Montana",75421,6315
30003,0500000US30003,"Big Horn County, Montana",70442,4664
30005,0500000US30005,"Blaine County, Montana",78155,8728
30007,0500000US30007,"Broadwater County, Montana",84945,7879
30009,0500000US30009,"Carbon County, Montana",94240,8240
30011,0500000US30011,"Carter County, Montana",64908,6066
30013,0500000US30013,"Cascade County, Montana",85695,3312
30015,0500000US30015,"Chouteau County, Montana",79363,5950
30017,0500000US30017,"Custer County, Montana",83970,5688
30019,0500000US30019,"Daniels County, Montana",72275,5911
30021,0500000US30021,"Dawson County, Montana",84201,7220
30023,0500000US30023,"Deer Lodge County, Montana",64237,5350
30025,0500000US30025,"Fallon County, Montana",100253,17623
30027,0500000US30027,"Fergus County, Montana",76413,5971
30029,0500000US30029,"Flathead County, Montana",94808,3254
30031,0500000US30031,"Gallatin County, Montana",124551,4771
30033,0500000US30033,"Garfield County, Montana",83601,11408
30035,0500000US30035,"Glacier County, Montana",63713,5083
30037,0500000US30037,"Golden Valley County, Montana",70791,9637
30039,0500000US30039,"Granite County, Montana",80224,14549
30041,0500000US30041,"Hill County, Montana",74611,4975
30043,0500000US30043,"Jefferson County, Montana",107580,6858
30045,0500000US30045,"Judith Basin County, Montana",87541,14659
30047,0500000US30047,"Lake County, Montana",84874,4996
30049,0500000US30049,"Lewis and Clark County, Montana",100531,3913
30051,0500000US30051,"Liberty County, Montana",80330,15874
30053,0500000US30053,"Lincoln County, Montana",66504,4827
30055,0500000US30055,"McCone County, Montana",85543,10304
30057,0500000US30057,"Madison County, Montana",85732,5454
30059,0500000US30059,"Meagher County, Montana",74368,14192
30061,0500000US30061,"Mineral County, Montana",83707,14427
30063,0500000US30063,"Missoula County, Montana",97840,3249
30065,0500000US30065,"Musselshell County, Montana",81413,12071
30067,0500000US30067,"Park County, Montana",95941,8927
30069,0500000US30069,"Petroleum County, Montana",79305,17788
30071,0500000US30071,"Phillips County, Montana",79818,9688
30073,0500000US30073,"Pondera County, Montana",72053,6794
30075,0500000US30075,"Powder River County, Montana",96304,13959
30077,0500000US30077,"Powell County, Montana",80486,8367
30079,0500000US30079,"Prairie County, Montana",67490,13607
30081,0500000US30081,"Ravalli County, Montana",93574,5709
30083,0500000US30083,"Richland County, Montana",93356,8517
30085,0500000US30085,"Roosevelt County, Montana",64512,3238
30087,0500000US30087,"Rosebud County, Montana",71671,4632
30089,0500000US30089,"Sanders County, Montana",71302,7296
30091,0500000US30091,"Sheridan County, Montana",94455,11753
30093,0500000US30093,"Silver Bow County, Montana",77994,6299
30095,0500000US30095,"Stillwater County, Montana",111489,9363
30097,0500000US30097,"Sweet Grass County, Montana",94999,13817
30099,0500000US30099,"Teton County, Montana",80657,6612
30101,0500000US30101,"Toole County, Montana",77412,9589
30103,0500000US30103,"Treasure County, Montana",94624,18506
30105,0500000US30105,"Valley County, Montana",77051,5127
30107,0500000US30107,"Wheatland County, Montana",61451,9908
30109,0500000US30109,"Wibaux County, Montana",83737,12701
30111,0500000US30111,"Yellowstone County, Montana",102308,4706
31001,0500000US31001,"Adams County, Nebraska",87748,4803
31003,0500000US31003,"Antelope County, Nebraska",78983,4579
31005,0500000US31005,"Arthur County, Nebraska",87350,17832
31007,0500000US31007,"Banner County, Nebraska",87378,8733
31009,0500000US31009,"Blaine County, Nebraska",83284,23099
31011,0500000US31011,"Boone County, Nebraska",89450,7653
31013,0500000US31013,"Box Butte County, Nebraska",78395,5904
31015,0500000US31015,"Boyd County, Nebraska",77634,10694
31017,0500000US31017,"Brown County, Nebraska",82657,17465
31019,0500000US31019,"Buffalo County, Nebraska",93211,4776
31021,0500000US31021,"Burt County, Nebraska",81148,5900
31023,0500000US31023,"Butler County, Nebraska",105747,13460
31025,0500000US31025,"Cass County, Nebraska",109350,4972
31027,0500000US31027,"Cedar County, Nebraska",91700,6748
31029,0500000US31029,"Chase County, Nebraska",90078,12470
31031,0500000US31031,"Cherry County, Nebraska",80202,7323
31033,0500000US31033,"Cheyenne County, Nebraska",76923,9536
31035,0500000US31035,"Clay County, Nebraska",94153,10543
31037,0500000US31037,"Colfax County, Nebraska",99488,13818
31039,0500000US31039,"Cuming County, Nebraska",88653,8591
31041,0500000US31041,"Custer County, Nebraska",88008,4677
31043,0500000US31043,"Dakota County, Nebraska",85144,6500
31045,0500000US31045,"Dawes County, Nebraska",70382,6755
31047,0500000US31047,"Dawson County, Nebraska",86799,8713
31049,0500000US31049,"Deuel County, Nebraska",91302,20016
31051,0500000US31051,"Dixon County, Nebraska",96634,12265
31053,0500000US31053,"Dodge County, Nebraska",85422,3086
31055,0500000US31055,"Douglas County, Nebraska",111694,1948
31057,0500000US31057,"Dundy County, Nebraska",80081,9450
31059,0500000US31059,"Fillmore County, Nebraska",105116,14299
31061,0500000US31061,"Franklin County, Nebraska",83438,12302
31063,0500000US31063,"Frontier County, Nebraska",75783,4564
31065,0500000US31065,"Furnas County, Nebraska",74885,6696
31067,0500000US31067,"Gage County, Nebraska",82250,3507
31069,0500000US31069,"Garden County, Nebraska",62118,10172
31071,0500000US31071,"Garfield County, Nebraska",82834,12058
31073,0500000US31073,"Gosper County, Nebraska",89464,9041
31075,0500000US31075,"Grant County, Nebraska",81805,13771
31077,0500000US31077,"Greeley County, Nebraska",71584,4763
31079,0500000US31079,"Hall County, Nebraska",87509,4043
31081,0500000US31081,"Hamilton County, Nebraska",97863,5464
31083,0500000US31083,"Harlan County, Nebraska",96144,13477
31085,0500000US31085,"Hayes County, Nebraska",79177,12233
31087,0500000US31087,"Hitchcock County, Nebraska",70098,6586
31089,0500000US31089,"Holt County, Nebraska",88396,7682
31091,0500000US31091,"Hooker County, Nebraska",61851,8639
31093,0500000US31093,"Howard County, Nebraska",87091,6796
31095,0500000US31095,"Jefferson County, Nebraska",73820,5292
31097,0500000US31097,"Johnson County, Nebraska",73510,5499
31099,0500000US31099,"Kearney County, Nebraska",104859,10951
31101,0500000US31101,"Keith County, Nebraska",75280,5396
31103,0500000US31103,"Keya Paha County, Nebraska",84909,15086
31105,0500000US31105,"Kimball County, Nebraska",74329,9754
31107,0500000US31107,"Knox County, Nebraska",79345,4307
31109,0500000US31109,"Lancaster County, Nebraska",99064,2279
31111,0500000US31111,"Lincoln County, Nebraska",78527,3117
31113,0500000US31113,"Logan County, Nebraska",104642,24481
31115,0500000US31115,"Loup County, Nebraska",66439,10176
31117,0500000US31117,"McPherson County, Nebraska",80734,12308
31119,0500000US31119,"Madison County, Nebraska",88101,5173
31121,0500000US31121,"Merrick County, Nebraska",80526,7528
31123,0500000US31123,"Morrill County, Nebraska",78536,8236
31125,0500000US31125,"Nance County, Nebraska",81309,9270
31127,0500000US31127,"Nemaha County, Nebraska",88735,10714
31129,0500000US31129,"Nuckolls County, Nebraska",90509,10176
31131,0500000US31131,"Otoe County, Nebraska",100837,5322
31133,0500000US31133,"Pawnee County, Nebraska",68894,7725
31135,0500000US31135,"Perkins County, Nebraska",85470,7542
31137,0500000US31137,"Phelps County, Nebraska",90370,8602
31139,0500000US31139,"Pierce County, Nebraska",88305,5279
31141,0500000US31141,"Platte County, Nebraska",92116,4625
31143,0500000US31143,"Polk County, Nebraska",89903,5943
31145,0500000US31145,"Red Willow County, Nebraska",83794,11447
31147,0500000US31147,"Richardson County, Nebraska",77469,7860
31149,0500000US31149,"Rock County, Nebraska",84098,10422
31151,0500000US31151,"Saline County, Nebraska",90911,5000
31153,0500000US31153,"Sarpy County, Nebraska",121934,2493
31155,0500000US31155,"Saunders County, Nebraska",106904,5883
31157,0500000US31157,"Scotts Bluff County, Nebraska",78307,3993
31159,0500000US31159,"Seward County, Nebraska",99411,4060
31161,0500000US31161,"Sheridan County, Nebraska",83528,9807
31163,0500000US31163,"Sherman County, Nebraska",73202,6254
31165,0500000US31165,"Sioux County, Nebraska",73691,6752
31167,0500000US31167,"Stanton County, Nebraska",97831,9627
31169,0500000US31169,"Thayer County, Nebraska",80688,5042
31171,0500000US31171,"Thomas County, Nebraska",83742,12024
31173,0500000US31173,"Thurston County, Nebraska",78288,4165
31175,0500000US31175,"Valley County, Nebraska",86425,10742
31177,0500000US31177,"Washington County, Nebraska",112711,5942
31179,0500000US31179,"Wayne County, Nebraska",80553,5774
31181,0500000US31181,"Webster County, Nebraska",84246,9767
31183,0500000US31183,"Wheeler County, Nebraska",83605,13621
31185,0500000US31185,"York County, Nebraska",91015,5016
32001,0500000US32001,"Churchill County, Nevada",91460,6952
32003,0500000US32003,"Clark County, Nevada",101010,1088
32005,0500000US32005,"Douglas County, Nevada",122321,6658
32007,0500000US32007,"Elko County, Nevada",101551,5581
32009,0500000US32009,"Esmeralda County, Nevada",59957,21430
32011,0500000US32011,"Eureka County, Nevada",81005,18061
32013,0500000US32013,"Humboldt County, Nevada",95024,8585
32015,0500000US32015,"Lander County, Nevada",96037,12010
32017,0500000US32017,"Lincoln County, Nevada",87631,13596
32019,0500000US32019,"Lyon County, Nevada",92100,4824
32021,0500000US32021,"Mineral County, Nevada",62799,7701
32023,0500000US32023,"Nye County, Nevada",76468,4982
32027,0500000US32027,"Pershing County, Nevada",84862,11772
32029,0500000US32029,"Storey County, Nevada",110274,18875
32031,0500000US32031,"Washoe County, Nevada",116699,2374
32033,0500000US32033,"White Pine County, Nevada",79648,5849
32510,0500000US32510,"Carson City, Nevada",93302,4954
33001,0500000US33001,"Belknap County, New Hampshire",111450,4901
33003,0500000US33003,"Carroll County, New Hampshire",109531,6220
33005,0500000US33005,"Cheshire County, New Hampshire",101172,3372
33007,0500000US33007,"Coos County, New Hampshire",82759,6366
33009,0500000US33009,"Grafton County, New Hampshire",118425,4840
33011,0500000US33011,"Hillsborough County, New Hampshire",128567,1942
33013,0500000US33013,"Merrimack County, New Hampshire",119046,3340
33015,0500000US33015,"Rockingham County, New Hampshire",145728,2553
33017,0500000US33017,"Strafford County, New Hampshire",110178,3015
33019,0500000US33019,"Sullivan County, New Hampshire",102029,6838
34001,0500000US34001,"Atlantic County, New Jersey",105691,2825
34003,0500000US34003,"Bergen County, New Jersey",169191,2151
34005,0500000US34005,"Burlington County, New Jersey",136507,2355
34007,0500000US34007,"Camden County, New Jersey",114657,1968
34009,0500000US34009,"Cape May County, New Jersey",119743,3462
34011,0500000US34011,"Cumberland County, New Jersey",94856,7861
34013,0500000US34013,"Essex County, New Jersey",127323,2023
34015,0500000US34015,"Gloucester County, New Jersey",127093,2128
34017,0500000US34017,"Hudson County, New Jersey",130880,2043
34019,0500000US34019,"Hunterdon County, New Jersey",182668,6173
34021,0500000US34021,"Mercer County, New Jersey",138732,3810
34023,0500000US34023,"Middlesex County, New Jersey",138274,1487
34025,0500000US34025,"Monmouth County, New Jersey",168016,2881
34027,0500000US34027,"Morris County, New Jersey",181402,2814
34029,0500000US34029,"Ocean County, New Jersey",115709,1997
34031,0500000US34031,"Passaic County, New Jersey",116257,2178
34033,0500000US34033,"Salem County, New Jersey",99663,3078
34035,0500000US34035,"Somerset County, New Jersey",186372,3739
34037,0500000US34037,"Sussex County, New Jersey",143320,4485
34039,0500000US34039,"Union County, New Jersey",145621,2236
34041,0500000US34041,"Warren County, New Jersey",117781,2888
35001,0500000US35001,"Bernalillo County, New Mexico",90528,1497
35003,0500000US35003,"Catron County, New Mexico",57834,9962
35005,0500000US35005,"Chaves County, New Mexico",73075,4348
35006,0500000US35006,"Cibola County, New Mexico",68361,5420
35007,0500000US35007,"Colfax County, New Mexico",66582,4605
35009,0500000US35009,"Curry County, New Mexico",72630,5611
35011,0500000US35011,"De Baca County, New Mexico",57939,15833
35013,0500000US35013,"Doña Ana County, New Mexico",74338,2357
35015,0500000US35015,"Eddy County, New Mexico",98075,5494
35017,0500000US35017,"Grant County, New Mexico",68708,5996
35019,0500000US35019,"Guadalupe County, New Mexico",90895,30407
35021,0500000US35021,"Harding County, New Mexico",132673,77170
35023,0500000US35023,"Hidalgo County, New Mexico",63299,9210
35025,0500000US35025,"Lea County, New Mexico",92292,6872
35027,0500000US35027,"Lincoln County, New Mexico",75134,7480
35028,0500000US35028,"Los Alamos County, New Mexico",167396,8961
35029,0500000US35029,"Luna County, New Mexico",53645,3967
35031,0500000US35031,"McKinley County, New Mexico",60554,2858
35033,0500000US35033,"Mora County, New Mexico",66998,12946
35035,0500000US35035,"Otero County, New Mexico",71241,2897
35037,0500000US35037,"Quay County, New Mexico",55437,5199
35039,0500000US35039,"Rio Arriba County, New Mexico",74876,5407
35041,0500000US35041,"Roosevelt County, New Mexico",69451,6577
35043,0500000US35043,"Sandoval County, New Mexico",105092,2549
35045,0500000US35045,"San Juan County, New Mexico",74068,3254
35047,0500000US35047,"San Miguel County, New Mexico",62393,3927
35049,0500000US35049,"Santa Fe County, New Mexico",105593,3280
35051,0500000US35051,"Sierra County, New Mexico",50519,5791
35053,0500000US35053,"Socorro County, New Mexico",68979,11932
35055,0500000US35055,"Taos County, New Mexico",85295,8087
35057,0500000US35057,"Torrance County, New Mexico",62661,5592
35059,0500000US35059,"Union County, New Mexico",99074,37390
35061,0500000US35061,"Valencia County, New Mexico",78008,3762
36001,0500000US36001,"Albany County, New York",107762,2173
36003,0500000US36003,"Allegany County, New York",78176,4805
36005,0500000US36005,"Bronx County, New York",71165,1167
36007,0500000US36007,"Broome County, New York",84379,2306
36009,0500000US36009,"Cattaraugus County, New York",73744,1999
36011,0500000US36011,"Cayuga County, New York",86559,2473
36013,0500000US36013,"Chautauqua County, New York",74065,1913
36015,0500000US36015,"Chemung County, New York",83801,3811
36017,0500000US36017,"Chenango County, New York",78012,2755
36019,0500000US36019,"Clinton County, New York",89583,4940
36021,0500000US36021,"Columbia County, New York",122423,5161
36023,0500000US36023,"Cortland County, New York",82947,2653
36025,0500000US36025,"Delaware County, New York",81142,3418
36027,0500000US36027,"Dutchess County, New York",130755,3636
36029,0500000US36029,"Erie County, New York",95092,1218
36031,0500000US36031,"Essex County, New York",92245,5078
36033,0500000US36033,"Franklin County, New York",78937,3153
36035,0500000US36035,"Fulton County, New York",80448,4218
36037,0500000US36037,"Genesee County, New York",86260,3029
36039,0500000US36039,"Greene County, New York",99219,4648
36041,0500000US36041,"Hamilton County, New York",90814,6064
36043,0500000US36043,"Herkimer County, New York",84205,2865
36045,0500000US36045,"Jefferson County, New York",84530,2934
36047,0500000US36047,"Kings County, New York",120169,1334
36049,0500000US36049,"Lewis County, New York",79621,2547
36051,0500000US36051,"Livingston County, New York",93306,3892
36053,0500000US36053,"Madison County, New York",96461,3841
36055,0500000US36055,"Monroe County, New York",100724,1429
36057,0500000US36057,"Montgomery County, New York",79106,2505
36059,0500000US36059,"Nassau County, New York",187735,2070
36061,0500000US36061,"New York County, New York",192391,2853
36063,0500000US36063,"Niagara County, New York",87095,1609
36065,0500000US36065,"Oneida County, New York",89145,1621
36067,0500000US36067,"Onondaga County, New York",99134,1599
36069,0500000US36069,"Ontario County, New York",104658,2887
36071,0500000US36071,"Orange County, New York",121539,2612
36073,0500000US36073,"Orleans County, New York",82918,4207
36075,0500000US36075,"Oswego County, New York",88158,3135
36077,0500000US36077,"Otsego County, New York",90189,3719
36079,0500000US36079,"Putnam County, New York",150924,4699
36081,0500000US36081,"Queens County, New York",113673,1391
36083,0500000US36083,"Rensselaer County, New York",106010,2808
36085,0500000US36085,"Richmond County, New York",125764,2521
36087,0500000US36087,"Rockland County, New York",147764,4033
36089,0500000US36089,"St. Lawrence County, New York",78890,2476
36091,0500000US36091,"Saratoga County, New York",128469,2858
36093,0500000US36093,"Schenectady County, New York",99121,2727
36095,0500000US36095,"Schoharie County, New York",90121,3940
36097,0500000US36097,"Schuyler County, New York",83763,5165
36099,0500000US36099,"Seneca County, New York",86730,4307
36101,0500000US36101,"Steuben County, New York",86589,2276
36103,0500000US36103,"Suffolk County, New York",163151,1740
36105,0500000US36105,"Sullivan County, New York",101841,5646
36107,0500000US36107,"Tioga County, New York",95984,4542
36109,0500000US36109,"Tompkins County, New York",102676,3406
36111,0500000US36111,"Ulster County, New York",112552,3297
36113,0500000US36113,"Warren County, New York",101211,4535
36115,0500000US36115,"Washington County, New York",86922,3071
36117,0500000US36117,"Wayne County, New York",89774,2834
36119,0500000US36119,"Westchester County, New York",187481,2883
36121,0500000US36121,"Wyoming County, New York",84287,2460
36123,0500000US36123,"Yates County, New York",89265,4776
37001,0500000US37001,"Alamance County, North Carolina",82268,1971
37003,0500000US37003,"Alexander County, North Carolina",82266,6611
37005,0500000US37005,"Alleghany County, North Carolina",70579,9056
37007,0500000US37007,"Anson County, North Carolina",58710,4532
37009,0500000US37009,"Ashe County, North Carolina",68596,4820
37011,0500000US37011,"Avery County, North Carolina",87001,8461
37013,0500000US37013,"Beaufort County, North Carolina",77396,3976
37015,0500000US37015,"Bertie County, North Carolina",66687,7344
37017,0500000US37017,"Bladen County, North Carolina",66507,5934
37019,0500000US37019,"Brunswick County, North Carolina",98633,3650
37021,0500000US37021,"Buncombe County, North Carolina",98793,2718
37023,0500000US37023,"Burke County, North Carolina",74300,3038
37025,0500000US37025,"Cabarrus County, North Carolina",112035,3459
37027,0500000US37027,"Caldwell County, North Carolina",73139,3121
37029,0500000US37029,"Camden County, North Carolina",100944,8977
37031,0500000US37031,"Carteret County, North Carolina",93931,3217
37033,0500000US37033,"Caswell County, North Carolina",70874,4868
37035,0500000US37035,"Catawba County, North Carolina",87768,3295
37037,0500000US37037,"Chatham County, North Carolina",131980,7267
37039,0500000US37039,"Cherokee County, North Carolina",67671,4074
37041,0500000US37041,"Chowan County, North Carolina",76492,7876
37043,0500000US37043,"Clay County, North Carolina",77507,8447
37045,0500000US37045,"Cleveland County, North Carolina",75411,3739
37047,0500000US37047,"Columbus County, North Carolina",66614,3923
37049,0500000US37049,"Craven County, North Carolina",86928,3590
37051,0500000US37051,"Cumberland County, North Carolina",76492,1246
37053,0500000US37053,"Currituck County, North Carolina",112218,5623
37055,0500000US37055,"Dare County, North Carolina",106269,4603
37057,0500000US37057,"Davidson County, North Carolina",80838,2550
37059,0500000US37059,"Davie County, North Carolina",95329,4217
37061,0500000US37061,"Duplin County, North Carolina",67269,2389
37063,0500000US37063,"Durham County, North Carolina",109585,2638
37065,0500000US37065,"Edgecombe County, North Carolina",66592,3301
37067,0500000US37067,"Forsyth County, North Carolina",90850,1750
37069,0500000US37069,"Franklin County, North Carolina",87392,4322
37071,0500000US37071,"Gaston County, North Carolina",87551,2080
37073,0500000US37073,"Gates County, North Carolina",72701,5387
37075,0500000US37075,"Graham County, North Carolina",68550,7511
37077,0500000US37077,"Granville County, North Carolina",89041,3163
37079,0500000US37079,"Greene County, North Carolina",60861,3564
37081,0500000US37081,"Guilford County, North Carolina",93015,1817
37083,0500000US37083,"Halifax County, North Carolina",62150,3734
37085,0500000US37085,"Harnett County, North Carolina",84184,2588
37087,0500000US37087,"Haywood County, North Carolina",79327,2937
37089,0500000US37089,"Henderson County, North Carolina",90317,2793
37091,0500000US37091,"Hertford County, North Carolina",67765,6216
37093,0500000US37093,"Hoke County, North Carolina",80326,6378
37095,0500000US37095,"Hyde County, North Carolina",53886,6352
37097,0500000US37097,"Iredell County, North Carolina",108944,3262
37099,0500000US37099,"Jackson County, North Carolina",76781,5605
37101,0500000US37101,"Johnston County, North Carolina",98557,3111
37103,0500000US37103,"Jones County, North Carolina",66084,4669
37105,0500000US37105,"Lee County, North Carolina",79634,3119
37107,0500000US37107,"Lenoir County, North Carolina",63281,3027
37109,0500000US37109,"Lincoln County, North Carolina",103818,4880
37111,0500000US37111,"McDowell County, North Carolina",71177,3693
37113,0500000US37113,"Macon County, North Carolina",76654,6286
37115,0500000US37115,"Madison County, North Carolina",80418,6588
37117,0500000US37117,"Martin County, North Carolina",60917,3523
37119,0500000US37119,"Mecklenburg County, North Carolina",124725,1639
37121,0500000US37121,"Mitchell County, North Carolina",74236,7047
37123,0500000US37123,"Montgomery County, North Carolina",77130,6119
37125,0500000US37125,"Moore County, North Carolina",105326,4243
37127,0500000US37127,"Nash County, North Carolina",80514,3411
37129,0500000US37129,"New Hanover County, North Carolina",103112,2923
37131,0500000US37131,"Northampton County, North Carolina",70632,4982
37133,0500000US37133,"Onslow County, North Carolina",80838,2792
37135,0500000US37135,"Orange County, North Carolina",133780,3406
37137,0500000US37137,"Pamlico County, North Carolina",81899,4651
37139,0500000US37139,"Pasquotank County, North Carolina",82744,6058
37141,0500000US37141,"Pender County, North Carolina",97152,5247
37143,0500000US37143,"Perquimans County, North Carolina",76843,5025
37145,0500000US37145,"Person County, North Carolina",87568,6054
37147,0500000US37147,"Pitt County, North Carolina",80463,2779
37149,0500000US37149,"Polk County, North Carolina",85807,6598
37151,0500000US37151,"Randolph County, North Carolina",73631,2194
37153,0500000US37153,"Richmond County, North Carolina",59517,4069
37155,0500000US37155,"Robeson County, North Carolina",60160,3184
37157,0500000US37157,"Rockingham County, North Carolina",73596,2972
37159,0500000US37159,"Rowan County, North Carolina",82423,2916
37161,0500000US37161,"Rutherford County, North Carolina",69617,3487
37163,0500000US37163,"Sampson County, North Carolina",70092,3783
37165,0500000US37165,"Scotland County, North Carolina",66699,8642
37167,0500000US37167,"Stanly County, North Carolina",80577,4365
37169,0500000US37169,"Stokes County, North Carolina",74778,5821
37171,0500000US37171,"Surry County, North Carolina",76119,3622
37173,0500000US37173,"Swain County, North Carolina",74336,5115
37175,0500000US37175,"Transylvania County, North Carolina",86211,5242
37177,0500000US37177,"Tyrrell County, North Carolina",57746,7776
37179,0500000US37179,"Union County, North Carolina",132863,2590
37181,0500000US37181,"Vance County, North Carolina",66313,4034
37183,0500000US37183,"Wake County, North Carolina",134151,1481
37185,0500000US37185,"Warren County, North Carolina",71275,6532
37187,0500000US37187,"Washington County, North Carolina",59553,8592
37189,0500000US37189,"Watauga County, North Carolina",78984,5061
37191,0500000US37191,"Wayne County, North Carolina",77193,3045
37193,0500000US37193,"Wilkes County, North Carolina",66225,2969
37195,0500000US37195,"Wilson County, North Carolina",71763,3755
37197,0500000US37197,"Yadkin County, North Carolina",81915,4886
37199,0500000US37199,"Yancey County, North Carolina",78969,7562
38001,0500000US38001,"Adams County, North Dakota",73927,7431
38003,0500000US38003,"Barnes County, North Dakota",92909,8756
38005,0500000US38005,"Benson County, North Dakota",83060,6832
38007,0500000US38007,"Billings County, North Dakota",102656,14856
38009,0500000US38009,"Bottineau County, North Dakota",109394,10919
38011,0500000US38011,"Bowman County, North Dakota",93676,6723
38013,0500000US38013,"Burke County, North Dakota",129023,12942
38015,0500000US38015,"Burleigh County, North Dakota",108697,4301
38017,0500000US38017,"Cass County, North Dakota",101854,2616
38019,0500000US38019,"Cavalier County, North Dakota",101179,12906
38021,0500000US38021,"Dickey County, North Dakota",98454,10387
38023,0500000US38023,"Divide County, North Dakota",110444,11038
38025,0500000US38025,"Dunn County, North Dakota",131547,12635
38027,0500000US38027,"Eddy County, North Dakota",74107,6546
38029,0500000US38029,"Emmons County, North Dakota",85402,7268
38031,0500000US38031,"Foster County, North Dakota",94603,9416
38033,0500000US38033,"Golden Valley County, North Dakota",91947,9630
38035,0500000US38035,"Grand Forks County, North Dakota",91810,3091
38037,0500000US38037,"Grant County, North Dakota",79345,7752
38039,0500000US38039,"Griggs County, North Dakota",103858,19386
38041,0500000US38041,"Hettinger County, North Dakota",89350,11062
38043,0500000US38043,"Kidder County, North Dakota",72356,6245
38045,0500000US38045,"LaMoure County, North Dakota",96684,10524
38047,0500000US38047,"Logan County, North Dakota",75186,6505
38049,0500000US38049,"McHenry County, North Dakota",93621,6306
38051,0500000US38051,"McIntosh County, North Dakota",75039,5666
38053,0500000US38053,"McKenzie County, North Dakota",131562,14484
38055,0500000US38055,"McLean County, North Dakota",97533,4769
38057,0500000US38057,"Mercer County, North Dakota",94487,6500
38059,0500000US38059,"Morton County, North Dakota",109260,12168
38061,0500000US38061,"Mountrail County, North Dakota",102926,9911
38063,0500000US38063,"Nelson County, North Dakota",87612,8882
38065,0500000US38065,"Oliver County, North Dakota",102691,9046
38067,0500000US38067,"Pembina County, North Dakota",91278,5724
38069,0500000US38069,"Pierce County, North Dakota",84732,9033
38071,0500000US38071,"Ramsey County, North Dakota",82009,6313
38073,0500000US38073,"Ransom County, North Dakota",90086,6555
38075,0500000US38075,"Renville County, North Dakota",90874,6699
38077,0500000US38077,"Richland County, North Dakota",97675,5698
38079,0500000US38079,"Rolette County, North Dakota",74414,5399
38081,0500000US38081,"Sargent County, North Dakota",97234,6548
38083,0500000US38083,"Sheridan County, North Dakota",85025,9217
38085,0500000US38085,"Sioux County, North Dakota",64425,7145
38087,0500000US38087,"Slope County, North Dakota",88575,16419
38089,0500000US38089,"Stark County, North Dakota",99254,5821
38091,0500000US38091,"Steele County, North Dakota",93665,10306
38093,0500000US38093,"Stutsman County, North Dakota",91058,6712
38095,0500000US38095,"Towner County, North Dakota",81330,9001
38097,0500000US38097,"Traill County, North Dakota",105020,6198
38099,0500000US38099,"Walsh County, North Dakota",86952,6226
38101,0500000US38101,"Ward County, North Dakota",101341,4514
38103,0500000US38103,"Wells County, North Dakota",90709,9917
38105,0500000US38105,"Williams County, North Dakota",119610,9197
39001,0500000US39001,"Adams County, Ohio",65434,4236
39003,0500000US39003,"Allen County, Ohio",80262,2730
39005,0500000US39005,"Ashland County, Ohio",79889,3256
39007,0500000US39007,"Ashtabula County, Ohio",74053,3034
39009,0500000US39009,"Athens County, Ohio",75116,3776
39011,0500000US39011,"Auglaize County, Ohio",91185,3167
39013,0500000US39013,"Belmont County, Ohio",75829,2124
39015,0500000US39015,"Brown County, Ohio",85915,7335
39017,0500000US39017,"Butler County, Ohio",103524,1950
39019,0500000US39019,"Carroll County, Ohio",81586,4994
39021,0500000US39021,"Champaign County, Ohio",87101,3014
39023,0500000US39023,"Clark County, Ohio",77705,1820
39025,0500000US39025,"Clermont County, Ohio",107049,2508
39027,0500000US39027,"Clinton County, Ohio",84570,5008
39029,0500000US39029,"Columbiana County, Ohio",75850,2688
39031,0500000US39031,"Coshocton County, Ohio",69218,3083
39033,0500000US39033,"Crawford County, Ohio",72825,3407
39035,0500000US39035,"Cuyahoga County, Ohio",92131,782
39037,0500000US39037,"Darke County, Ohio",83137,4221
39039,0500000US39039,"Defiance County, Ohio",87099,5896
39041,0500000US39041,"Delaware County, Ohio",161060,3607
39043,0500000US39043,"Erie County, Ohio",91016,5629
39045,0500000US39045,"Fairfield County, Ohio",106689,2740
39047,0500000US39047,"Fayette County, Ohio",76109,4657
39049,0500000US39049,"Franklin County, Ohio",102386,956
39051,0500000US39051,"Fulton County, Ohio",94622,4266
39053,0500000US39053,"Gallia County, Ohio",77599,4910
39055,0500000US39055,"Geauga County, Ohio",135616,4989
39057,0500000US39057,"Greene County, Ohio",108932,2083
39059,0500000US39059,"Guernsey County, Ohio",74239,5565
39061,0500000US39061,"Hamilton County, Ohio",103444,1389
39063,0500000US39063,"Hancock County, Ohio",92037,4060
39065,0500000US39065,"Hardin County, Ohio",74502,4429
39067,0500000US39067,"Harrison County, Ohio",72647,4831
39069,0500000US39069,"Henry County, Ohio",98578,6829
39071,0500000US39071,"Highland County, Ohio",76105,4177
39073,0500000US39073,"Hocking County, Ohio",77310,4048
39075,0500000US39075,"Holmes County, Ohio",99080,5096
39077,0500000US39077,"Huron County, Ohio",79750,2365
39079,0500000US39079,"Jackson County, Ohio",76287,7528
39081,0500000US39081,"Jefferson County, Ohio",72319,2743
39083,0500000US39083,"Knox County, Ohio",90200,3646
39085,0500000US39085,"Lake County, Ohio",98936,2363
39087,0500000US39087,"Lawrence County, Ohio",72534,4118
39089,0500000US39089,"Licking County, Ohio",107464,3872
39091,0500000US39091,"Logan County, Ohio",90992,5745
39093,0500000US39093,"Lorain County, Ohio",96343,2162
39095,0500000US39095,"Lucas County, Ohio",84633,1963
39097,0500000US39097,"Madison County, Ohio",99213,3860
39099,0500000US39099,"Mahoning County, Ohio",76826,1710
39101,0500000US39101,"Marion County, Ohio",78335,3764
39103,0500000US39103,"Medina County, Ohio",116764,2830
39105,0500000US39105,"Meigs County, Ohio",60628,3452
39107,0500000US39107,"Mercer County, Ohio",90650,4006
39109,0500000US39109,"Miami County, Ohio",94300,3562
39111,0500000US39111,"Monroe County, Ohio",80960,6333
39113,0500000US39113,"Montgomery County, Ohio",86066,1260
39115,0500000US39115,"Morgan County, Ohio",69579,5067
39117,0500000US39117,"Morrow County, Ohio",89296,5002
39119,0500000US39119,"Muskingum County, Ohio",77324,3293
39121,0500000US39121,"Noble County, Ohio",80344,9628
39123,0500000US39123,"Ottawa County, Ohio",104516,13818
39125,0500000US39125,"Paulding County, Ohio",85900,5594
39127,0500000US39127,"Perry County, Ohio",78715,3555
39129,0500000US39129,"Pickaway County, Ohio",91371,3749
39131,0500000US39131,"Pike County, Ohio",77942,12436
39133,0500000US39133,"Portage County, Ohio",94386,2697
39135,0500000US39135,"Preble County, Ohio",85527,3276
39137,0500000US39137,"Putnam County, Ohio",99572,3999
39139,0500000US39139,"Richland County, Ohio",74042,2625
39141,0500000US39141,"Ross County, Ohio",78138,3177
39143,0500000US39143,"Sandusky County, Ohio",82018,3673
39145,0500000US39145,"Scioto County, Ohio",68069,2518
39147,0500000US39147,"Seneca County, Ohio",79613,3549
39149,0500000US39149,"Shelby County, Ohio",91960,3769
39151,0500000US39151,"Stark County, Ohio",84919,1770
39153,0500000US39153,"Summit County, Ohio",98907,2025
39155,0500000US39155,"Trumbull County, Ohio",73150,1794
39157,0500000US39157,"Tuscarawas County, Ohio",78457,2522
39159,0500000US39159,"Union County, Ohio",134832,5909
39161,0500000US39161,"Van Wert County, Ohio",79526,3173
39163,0500000US39163,"Vinton County, Ohio",71683,6424
39165,0500000US39165,"Warren County, Ohio",142625,4209
39167,0500000US39167,"Washington County, Ohio",82107,5950
39169,0500000US39169,"Wayne County, Ohio",88657,2834
39171,0500000US39171,"Williams County, Ohio",76171,4182
39173,0500000US39173,"Wood County, Ohio",100535,3609
39175,0500000US39175,"Wyandot County, Ohio",83211,4926
40001,0500000US40001,"Adair County, Oklahoma",58562,2966
40003,0500000US40003,"Alfalfa County, Oklahoma",81930,4926
40005,0500000US40005,"Atoka County, Oklahoma",70526,3986
40007,0500000US40007,"Beaver County, Oklahoma",80880,7242
40009,0500000US40009,"Beckham County, Oklahoma",74334,6899
40011,0500000US40011,"Blaine County, Oklahoma",80381,5052
40013,0500000US40013,"Bryan County, Oklahoma",72300,3063
40015,0500000US40015,"Caddo County, Oklahoma",65871,2011
40017,0500000US40017,"Canadian County, Oklahoma",102440,2272
40019,0500000US40019,"Carter County, Oklahoma",79874,2829
40021,0500000US40021,"Cherokee County, Oklahoma",75092,5878
40023,0500000US40023,"Choctaw County, Oklahoma",61345,2853
40025,0500000US40025,"Cimarron County, Oklahoma",94401,15517
40027,0500000US40027,"Cleveland County, Oklahoma",96578,2468
40029,0500000US40029,"Coal County, Oklahoma",65909,6283
40031,0500000US40031,"Comanche County, Oklahoma",76794,2313
40033,0500000US40033,"Cotton County, Oklahoma",81345,8701
40035,0500000US40035,"Craig County, Oklahoma",67232,4128
40037,0500000US40037,"Creek County, Oklahoma",80376,1994
40039,0500000US40039,"Custer County, Oklahoma",81803,8547
40041,0500000US40041,"Delaware County, Oklahoma",74796,3472
40043,0500000US40043,"Dewey County, Oklahoma",76946,5665
40045,0500000US40045,"Ellis County, Oklahoma",73156,6553
40047,0500000US40047,"Garfield County, Oklahoma",85427,3963
40049,0500000US40049,"Garvin County, Oklahoma",75648,3529
40051,0500000US40051,"Grady County, Oklahoma",93439,4251
40053,0500000US40053,"Grant County, Oklahoma",78906,6887
40055,0500000US40055,"Greer County, Oklahoma",67215,6906
40057,0500000US40057,"Harmon County, Oklahoma",77060,11842
40059,0500000US40059,"Harper County, Oklahoma",69291,7195
40061,0500000US40061,"Haskell County, Oklahoma",67542,3667
40063,0500000US40063,"Hughes County, Oklahoma",58738,2957
40065,0500000US40065,"Jackson County, Oklahoma",78383,4099
40067,0500000US40067,"Jefferson County, Oklahoma",70599,12361
40069,0500000US40069,"Johnston County, Oklahoma",64413,3832
40071,0500000US40071,"Kay County, Oklahoma",77337,3096
40073,0500000US40073,"Kingfisher County, Oklahoma",96314,8517
40075,0500000US40075,"Kiowa County, Oklahoma",59504,4325
40077,0500000US40077,"Latimer County, Oklahoma",60087,4282
40079,0500000US40079,"Le Flore County, Oklahoma",64850,2311
40081,0500000US40081,"Lincoln County, Oklahoma",77396,3325
40083,0500000US40083,"Logan County, Oklahoma",112589,9341
40085,0500000US40085,"Love County, Oklahoma",82902,5433
40087,0500000US40087,"McClain County, Oklahoma",103428,4954
40089,0500000US40089,"McCurtain County, Oklahoma",66504,3416
40091,0500000US40091,"McIntosh County, Oklahoma",63753,4662
40093,0500000US40093,"Major County, Oklahoma",84659,5715
40095,0500000US40095,"Marshall County, Oklahoma",69996,4219
40097,0500000US40097,"Mayes County, Oklahoma",75226,2825
40099,0500000US40099,"Murray County, Oklahoma",85918,10012
40101,0500000US40101,"Muskogee County, Oklahoma",69594,2670
40103,0500000US40103,"Noble County, Oklahoma",85810,5722
40105,0500000US40105,"Nowata County, Oklahoma",75109,6235
40107,0500000US40107,"Okfuskee County, Oklahoma",64839,3294
40109,0500000US40109,"Oklahoma County, Oklahoma",94100,1739
40111,0500000US40111,"Okmulgee County, Oklahoma",73141,4053
40113,0500000US40113,"Osage County, Oklahoma",81883,3121
40115,0500000US40115,"Ottawa County, Oklahoma",62303,1788
40117,0500000US40117,"Pawnee County, Oklahoma",74111,3383
40119,0500000US40119,"Payne County, Oklahoma",71869,3887
40121,0500000US40121,"Pittsburg County, Oklahoma",73938,2909
40123,0500000US40123,"Pontotoc County, Oklahoma",79510,3120
40125,0500000US40125,"Pottawatomie County, Oklahoma",76506,2547
40127,0500000US40127,"Pushmataha County, Oklahoma",59089,3662
40129,0500000US40129,"Roger Mills County, Oklahoma",104745,26182
40131,0500000US40131,"Rogers County, Oklahoma",99296,2206
40133,0500000US40133,"Seminole County, Oklahoma",60002,1969
40135,0500000US40135,"Sequoyah County, Oklahoma",64885,3050
40137,0500000US40137,"Stephens County, Oklahoma",83122,4473
40139,0500000US40139,"Texas County, Oklahoma",69863,4322
40141,0500000US40141,"Tillman County, Oklahoma",65201,5783
40143,0500000US40143,"Tulsa County, Oklahoma",96856,1472
40145,0500000US40145,"Wagoner County, Oklahoma",96963,2560
40147,0500000US40147,"Washington County, Oklahoma",86952,4951
40149,0500000US40149,"Washita County, Oklahoma",77077,5503
40151,0500000US40151,"Woods County, Oklahoma",71400,7635
40153,0500000US40153,"Woodward County, Oklahoma",86804,7564
41001,0500000US41001,"Baker County, Oregon",79903,5520
41003,0500000US41003,"Benton County, Oregon",102528,3514
41005,0500000US41005,"Clackamas County, Oregon",132196,2228
41007,0500000US41007,"Clatsop County, Oregon",92615,6449
41009,0500000US41009,"Columbia County, Oregon",101574,5043
41011,0500000US41011,"Coos County, Oregon",78959,3243
41013,0500000US41013,"Crook County, Oregon",100428,6600
41015,0500000US41015,"Curry County, Oregon",84162,7337
41017,0500000US41017,"Deschutes County, Oregon",120187,3378
41019,0500000US41019,"Douglas County, Oregon",79661,2617
41021,0500000US41021,"Gilliam County, Oregon",77640,11754
41023,0500000US41023,"Grant County, Oregon",74955,5546
41025,0500000US41025,"Harney County, Oregon",64706,6666
41027,0500000US41027,"Hood River County, Oregon",117711,8074
41029,0500000US41029,"Jackson County, Oregon",94170,2619
41031,0500000US41031,"Jefferson County, Oregon",90220,5881
41033,0500000US41033,"Josephine County, Oregon",83119,4297
41035,0500000US41035,"Klamath County, Oregon",79314,5003
41037,0500000US41037,"Lake County, Oregon",74797,7138
41039,0500000US41039,"Lane County, Oregon",91348,2087
41041,0500000US41041,"Lincoln County, Oregon",83483,5584
41043,0500000US41043,"Linn County, Oregon",87810,2615
41045,0500000US41045,"Malheur County, Oregon",68201,4103
41047,0500000US41047,"Marion County, Oregon",95954,2449
41049,0500000US41049,"Morrow County, Oregon",88254,8840
41051,0500000US41051,"Multnomah County, Oregon",119642,1606
41053,0500000US41053,"Polk County, Oregon",104766,4160
41055,0500000US41055,"Sherman County, Oregon",73740,7826
41057,0500000US41057,"Tillamook County, Oregon",84601,4908
41059,0500000US41059,"Umatilla County, Oregon",86384,3095
41061,0500000US41061,"Union County, Oregon",83393,5050
41063,0500000US41063,"Wallowa County, Oregon",84099,8893
41065,0500000US41065,"Wasco County, Oregon",91342,11705
41067,0500000US41067,"Washington County, Oregon",133965,2022
41069,0500000US41069,"Wheeler County, Oregon",72405,16794
41071,0500000US41071,"Yamhill County, Oregon",109850,5530
42001,0500000US42001,"Adams County, Pennsylvania",98943,2236
42003,0500000US42003,"Allegheny County, Pennsylvania",107275,985
42005,0500000US42005,"Armstrong County, Pennsylvania",82218,2699
42007,0500000US42007,"Beaver County, Pennsylvania",90373,1922
42009,0500000US42009,"Bedford County, Pennsylvania",76732,2755
42011,0500000US42011,"Berks County, Pennsylvania",101044,1920
42013,0500000US42013,"Blair County, Pennsylvania",80522,2500
42015,0500000US42015,"Bradford County, Pennsylvania",84646,2895
42017,0500000US42017,"Bucks County, Pennsylvania",145806,2156
42019,0500000US42019,"Butler County, Pennsylvania",113602,3427
42021,0500000US42021,"Cambria County, Pennsylvania",77930,2998
42023,0500000US42023,"Cameron County, Pennsylvania",59531,4730
42025,0500000US42025,"Carbon County, Pennsylvania",85885,4411
42027,0500000US42027,"Centre County, Pennsylvania",99196,3127
42029,0500000US42029,"Chester County, Pennsylvania",165377,2446
42031,0500000US42031,"Clarion County, Pennsylvania",78579,2626
42033,0500000US42033,"Clearfield County, Pennsylvania",79059,5231
42035,0500000US42035,"Clinton County, Pennsylvania",76816,3507
42037,0500000US42037,"Columbia County, Pennsylvania",79343,2548
42039,0500000US42039,"Crawford County, Pennsylvania",77237,2736
42041,0500000US42041,"Cumberland County, Pennsylvania",110385,2143
42043,0500000US42043,"Dauphin County, Pennsylvania",98206,2344
42045,0500000US42045,"Delaware County, Pennsylvania",126081,1779
42047,0500000US42047,"Elk County, Pennsylvania",80111,5164
42049,0500000US42049,"Erie County, Pennsylvania",82408,1438
42051,0500000US42051,"Fayette County, Pennsylvania",74330,2449
42053,0500000US42053,"Forest County, Pennsylvania",61627,3887
42055,0500000US42055,"Franklin County, Pennsylvania",95559,2760
42057,0500000US42057,"Fulton County, Pennsylvania",83930,4532
42059,0500000US42059,"Greene County, Pennsylvania",82555,3173
42061,0500000US42061,"Huntingdon County, Pennsylvania",81916,3133
42063,0500000US42063,"Indiana County, Pennsylvania",77466,2200
42065,0500000US42065,"Jefferson County, Pennsylvania",73117,2574
42067,0500000US42067,"Juniata County, Pennsylvania",80988,3128
42069,0500000US42069,"Lackawanna County, Pennsylvania",87019,2221
42071,0500000US42071,"Lancaster County, Pennsylvania",107934,1896
42073,0500000US42073,"Lawrence County, Pennsylvania",79865,2199
42075,0500000US42075,"Lebanon County, Pennsylvania",95935,2370
42077,0500000US42077,"Lehigh County, Pennsylvania",107564,2326
42079,0500000US42079,"Luzerne County, Pennsylvania",82477,1586
42081,0500000US42081,"Lycoming County, Pennsylvania",83918,3050
42083,0500000US42083,"McKean County, Pennsylvania",79327,3723
42085,0500000US42085,"Mercer County, Pennsylvania",78316,2063
42087,0500000US42087,"Mifflin County, Pennsylvania",73879,2851
42089,0500000US42089,"Monroe County, Pennsylvania",100240,3043
42091,0500000US42091,"Montgomery County, Pennsylvania",154372,1877
42093,0500000US42093,"Montour County, Pennsylvania",106486,6822
42095,0500000US42095,"Northampton County, Pennsylvania",113739,2853
42097,0500000US42097,"Northumberland County, Pennsylvania",75909,2141
42099,0500000US42099,"Perry County, Pennsylvania",95139,3693
42101,0500000US42101,"Philadelphia County, Pennsylvania",88307,1198
42103,0500000US42103,"Pike County, Pennsylvania",101573,5221
42105,0500000US42105,"Potter County, Pennsylvania",74947,2355
42107,0500000US42107,"Schuylkill County, Pennsylvania",82922,1775
42109,0500000US42109,"Snyder County, Pennsylvania",86097,3948
42111,0500000US42111,"Somerset County, Pennsylvania",75974,2324
42113,0500000US42113,"Sullivan County, Pennsylvania",81442,4853
42115,0500000US42115,"Susquehanna County, Pennsylvania",92206,2969
42117,0500000US42117,"Tioga County, Pennsylvania",78295,2199
42119,0500000US42119,"Union County, Pennsylvania",103373,8444
42121,0500000US42121,"Venango County, Pennsylvania",76779,3141
42123,0500000US42123,"Warren County, Pennsylvania",76006,3071
42125,0500000US42125,"Washington County, Pennsylvania",104399,2536
42127,0500000US42127,"Wayne County, Pennsylvania",81581,2754
42129,0500000US42129,"Westmoreland County, Pennsylvania",95075,1797
42131,0500000US42131,"Wyoming County, Pennsylvania",94177,8236
42133,0500000US42133,"York County, Pennsylvania",101502,1330
44001,0500000US44001,"Bristol County, Rhode Island",148308,6811
44003,0500000US44003,"Kent County, Rhode Island",115863,3184
44005,0500000US44005,"Newport County, Rhode Island",139007,5925
44007,0500000US44007,"Providence County, Rhode Island",101714,1791
44009,0500000US44009,"Washington County, Rhode Island",130358,4014
45001,0500000US45001,"Abbeville County, South Carolina",73094,4129
45003,0500000US45003,"Aiken County, South Carolina",88922,3089
45005,0500000US45005,"Allendale County, South Carolina",54043,10206
45007,0500000US45007,"Anderson County, South Carolina",86976,2993
45009,0500000US45009,"Bamberg County, South Carolina",55753,6785
45011,0500000US45011,"Barnwell County, South Carolina",62036,4215
45013,0500000US45013,"Beaufort County, South Carolina",123126,4240
45015,0500000US45015,"Berkeley County, South Carolina",102485,2587
45017,0500000US45017,"Calhoun County, South Carolina",74774,6520
45019,0500000US45019,"Charleston County, South Carolina",126878,4849
45021,0500000US45021,"Cherokee County, South Carolina",66482,3491
45023,0500000US45023,"Chester County, South Carolina",66845,3621
45025,0500000US45025,"Chesterfield County, South Carolina",68312,5193
45027,0500000US45027,"Clarendon County, South Carolina",68565,3829
45029,0500000US45029,"Colleton County, South Carolina",69181,3693
45031,0500000US45031,"Darlington County, South Carolina",73030,5202
45033,0500000US45033,"Dillon County, South Carolina",57551,3386
45035,0500000US45035,"Dorchester County, South Carolina",96656,3087
45037,0500000US45037,"Edgefield County, South Carolina",84628,4807
45039,0500000US45039,"Fairfield County, South Carolina",74173,6056
45041,0500000US45041,"Florence County, South Carolina",78842,2729
45043,0500000US45043,"Georgetown County, South Carolina",98299,6588
45045,0500000US45045,"Greenville County, South Carolina",104150,2373
45047,0500000US45047,"Greenwood County, South Carolina",73454,3408
45049,0500000US45049,"Hampton County, South Carolina",59862,3664
45051,0500000US45051,"Horry County, South Carolina",84884,1874
45053,0500000US45053,"Jasper County, South Carolina",78167,6355
45055,0500000US45055,"Kershaw County, South Carolina",86839,7254
45057,0500000US45057,"Lancaster County, South Carolina",102695,4969
45059,0500000US45059,"Laurens County, South Carolina",72549,3623
45061,0500000US45061,"Lee County, South Carolina",58286,4562
45063,0500000US45063,"Lexington County, South Carolina",95320,1694
45065,0500000US45065,"McCormick County, South Carolina",73615,7619
45067,0500000US45067,"Marion County, South Carolina",51626,4630
45069,0500000US45069,"Marlboro County, South Carolina",50984,4472
45071,0500000US45071,"Newberry County, South Carolina",79019,5728
45073,0500000US45073,"Oconee County, South Carolina",87937,4368
45075,0500000US45075,"Orangeburg County, South Carolina",61346,2759
45077,0500000US45077,"Pickens County, South Carolina",82867,6801
45079,0500000US45079,"Richland County, South Carolina",89852,2163
45081,0500000US45081,"Saluda County, South Carolina",72636,6145
45083,0500000US45083,"Spartanburg County, South Carolina",85090,2177
45085,0500000US45085,"Sumter County, South Carolina",72474,2846
45087,0500000US45087,"Union County, South Carolina",58786,3213
45089,0500000US45089,"Williamsburg County, South Carolina",57757,4088
45091,0500000US45091,"York County, South Carolina",110350,2454
46003,0500000US46003,"Aurora County, South Dakota",101472,11059
46005,0500000US46005,"Beadle County, South Dakota",79653,5550
46007,0500000US46007,"Bennett County, South Dakota",59699,10474
46009,0500000US46009,"Bon Homme County, South Dakota",77164,5661
46011,0500000US46011,"Brookings County, South Dakota",87946,4058
46013,0500000US46013,"Brown County, South Dakota",90537,4059
46015,0500000US46015,"Brule County, South Dakota",92236,8992
46017,0500000US46017,"Buffalo County, South Dakota",54977,6004
46019,0500000US46019,"Butte County, South Dakota",87955,8691
46021,0500000US46021,"Campbell County, South Dakota",92987,11491
46023,0500000US46023,"Charles Mix County, South Dakota",81581,5443
46025,0500000US46025,"Clark County, South Dakota",88749,12354
46027,0500000US46027,"Clay County, South Dakota",76464,7129
46029,0500000US46029,"Codington County, South Dakota",84357,6167
46031,0500000US46031,"Corson County, South Dakota",67937,6080
46033,0500000US46033,"Custer County, South Dakota",109295,11700
46035,0500000US46035,"Davison County, South Dakota",82114,4581
46037,0500000US46037,"Day County, South Dakota",86182,7162
46039,0500000US46039,"Deuel County, South Dakota",90704,6086
46041,0500000US46041,"Dewey County, South Dakota",69239,5064
46043,0500000US46043,"Douglas County, South Dakota",93588,8413
46045,0500000US46045,"Edmunds County, South Dakota",109208,13135
46047,0500000US46047,"Fall River County, South Dakota",74869,7870
46049,0500000US46049,"Faulk County, South Dakota",89401,16557
46051,0500000US46051,"Grant County, South Dakota",92573,8628
46053,0500000US46053,"Gregory County, South Dakota",73414,5148
46055,0500000US46055,"Haakon County, South Dakota",85748,12041
46057,0500000US46057,"Hamlin County, South Dakota",101165,9956
46059,0500000US46059,"Hand County, South Dakota",95268,17511
46061,0500000US46061,"Hanson County, South Dakota",99652,7855
46063,0500000US46063,"Harding County, South Dakota",109939,17773
46065,0500000US46065,"Hughes County, South Dakota",93294,5998
46067,0500000US46067,"Hutchinson County, South Dakota",93830,5385
46069,0500000US46069,"Hyde County, South Dakota",87286,11315
46071,0500000US46071,"Jackson County, South Dakota",49471,7568
46073,0500000US46073,"Jerauld County, South Dakota",106575,24272
46075,0500000US46075,"Jones County, South Dakota",80421,14419
46077,0500000US46077,"Kingsbury County, South Dakota",91414,9301
46079,0500000US46079,"Lake County, South Dakota",100698,8910
46081,0500000US46081,"Lawrence County, South Dakota",90061,7149
46083,0500000US46083,"Lincoln County, South Dakota",129224,5961
46085,0500000US46085,"Lyman County, South Dakota",80098,7897
46087,0500000US46087,"McCook County, South Dakota",97710,4795
46089,0500000US46089,"McPherson County, South Dakota",90834,13423
46091,0500000US46091,"Marshall County, South Dakota",101999,17337
46093,0500000US46093,"Meade County, South Dakota",89185,4437
46095,0500000US46095,"Mellette County, South Dakota",58700,7304
46097,0500000US46097,"Miner County, South Dakota",84107,9516
46099,0500000US46099,"Minnehaha County, South Dakota",100454,2713
46101,0500000US46101,"Moody County, South Dakota",94107,6401
46102,0500000US46102,"Oglala Lakota County, South Dakota",50403,5799
46103,0500000US46103,"Pennington County, South Dakota",95438,3829
46105,0500000US46105,"Perkins County, South Dakota",98722,18781
46107,0500000US46107,"Potter County, South Dakota",88564,7244
46109,0500000US46109,"Roberts County, South Dakota",79910,4010
46111,0500000US46111,"Sanborn County, South Dakota",85845,6771
46115,0500000US46115,"Spink County, South Dakota",92183,6019
46117,0500000US46117,"Stanley County, South Dakota",106448,13899
46119,0500000US46119,"Sully County, South Dakota",106129,13758
46121,0500000US46121,"Todd County, South Dakota",48924,4655
46123,0500000US46123,"Tripp County, South Dakota",75895,7119
46125,0500000US46125,"Turner County, South Dakota",89745,5016
46127,0500000US46127,"Union County, South Dakota",116720,10022
46129,0500000US46129,"Walworth County, South Dakota",85035,10961
46135,0500000US46135,"Yankton County, South Dakota",94056,7250
46137,0500000US46137,"Ziebach County, South Dakota",76468,11165
47001,0500000US47001,"Anderson County, Tennessee",85124,3135
47003,0500000US47003,"Bedford County, Tennessee",78968,4979
47005,0500000US47005,"Benton County, Tennessee",63604,4337
47007,0500000US47007,"Bledsoe County, Tennessee",62764,5945
47009,0500000US47009,"Blount County, Tennessee",95542,2843
47011,0500000US47011,"Bradley County, Tennessee",82060,2937
47013,0500000US47013,"Campbell County, Tennessee",67185,3525
47015,0500000US47015,"Cannon County, Tennessee",73507,7598
47017,0500000US47017,"Carroll County, Tennessee",67708,3667
47019,0500000US47019,"Carter County, Tennessee",64727,3224
47021,0500000US47021,"Cheatham County, Tennessee",97824,5866
47023,0500000US47023,"Chester County, Tennessee",72399,6111
47025,0500000US47025,"Claiborne County, Tennessee",63952,4305
47027,0500000US47027,"Clay County, Tennessee",55826,4558
47029,0500000US47029,"Cocke County, Tennessee",63075,4493
47031,0500000US47031,"Coffee County, Tennessee",74417,3301
47033,0500000US47033,"Crockett County, Tennessee",79436,8482
47035,0500000US47035,"Cumberland County, Tennessee",73753,3742
47037,0500000US47037,"Davidson County, Tennessee",110098,1868
47039,0500000US47039,"Decatur County, Tennessee",62272,5585
47041,0500000US47041,"DeKalb County, Tennessee",66814,5054
47043,0500000US47043,"Dickson County, Tennessee",93410,5699
47045,0500000US47045,"Dyer County, Tennessee",89280,22139
47047,0500000US47047,"Fayette County, Tennessee",105471,4039
47049,0500000US47049,"Fentress County, Tennessee",56885,4594
47051,0500000US47051,"Franklin County, Tennessee",80473,4019
47053,0500000US47053,"Gibson County, Tennessee",72720,3085
47055,0500000US47055,"Giles County, Tennessee",83628,5521
47057,0500000US47057,"Grainger County, Tennessee",68952,5668
47059,0500000US47059,"Greene County, Tennessee",72597,3376
47061,0500000US47061,"Grundy County, Tennessee",61536,4788
47063,0500000US47063,"Hamblen County, Tennessee",74136,4463
47065,0500000US47065,"Hamilton County, Tennessee",103813,2157
47067,0500000US47067,"Hancock County, Tennessee",57797,10526
47069,0500000US47069,"Hardeman County, Tennessee",61126,3028
47071,0500000US47071,"Hardin County, Tennessee",66579,4804
47073,0500000US47073,"Hawkins County, Tennessee",70133,2958
47075,0500000US47075,"Haywood County, Tennessee",60977,5363
47077,0500000US47077,"Henderson County, Tennessee",68265,4447
47079,0500000US47079,"Henry County, Tennessee",67325,3333
47081,0500000US47081,"Hickman County, Tennessee",77088,6749
47083,0500000US47083,"Houston County, Tennessee",68009,5584
47085,0500000US47085,"Humphreys County, Tennessee",78658,4759
47087,0500000US47087,"Jackson County, Tennessee",63542,5846
47089,0500000US47089,"Jefferson County, Tennessee",87614,7649
47091,0500000US47091,"Johnson County, Tennessee",69081,7390
47093,0500000US47093,"Knox County, Tennessee",101286,1981
47095,0500000US47095,"Lake County, Tennessee",48831,7949
47097,0500000US47097,"Lauderdale County, Tennessee",66056,4337
47099,0500000US47099,"Lawrence County, Tennessee",69737,3469
47101,0500000US47101,"Lewis County, Tennessee",69487,11373
47103,0500000US47103,"Lincoln County, Tennessee",84108,5533
47105,0500000US47105,"Loudon County, Tennessee",101958,6208
47107,0500000US47107,"McMinn County, Tennessee",76417,4109
47109,0500000US47109,"McNairy County, Tennessee",68636,3472
47111,0500000US47111,"Macon County, Tennessee",72710,5194
47113,0500000US47113,"Madison County, Tennessee",78567,3088
47115,0500000US47115,"Marion County, Tennessee",73573,4105
47117,0500000US47117,"Marshall County, Tennessee",92668,6862
47119,0500000US47119,"Maury County, Tennessee",92848,4066
47121,0500000US47121,"Meigs County, Tennessee",75683,5488
47123,0500000US47123,"Monroe County, Tennessee",70427,3670
47125,0500000US47125,"Montgomery County, Tennessee",88167,2109
47127,0500000US47127,"Moore County, Tennessee",89343,11479
47129,0500000US47129,"Morgan County, Tennessee",79735,9986
47131,0500000US47131,"Obion County, Tennessee",71392,6560
47133,0500000US47133,"Overton County, Tennessee",72901,7346
47135,0500000US47135,"Perry County, Tennessee",64784,8221
47137,0500000US47137,"Pickett County, Tennessee",60117,8494
47139,0500000US47139,"Polk County, Tennessee",81605,6462
47141,0500000US47141,"Putnam County, Tennessee",75297,3273
47143,0500000US47143,"Rhea County, Tennessee",70688,4172
47145,0500000US47145,"Roane County, Tennessee",86288,3653
47147,0500000US47147,"Robertson County, Tennessee",95255,2998
47149,0500000US47149,"Rutherford County, Tennessee",101352,2106
47151,0500000US47151,"Scott County, Tennessee",55691,3849
47153,0500000US47153,"Sequatchie County, Tennessee",68308,5434
47155,0500000US47155,"Sevier County, Tennessee",84059,4075
47157,0500000US47157,"Shelby County, Tennessee",93795,1893
47159,0500000US47159,"Smith County, Tennessee",85700,7644
47161,0500000US47161,"Stewart County, Tennessee",73864,5422
47163,0500000US47163,"Sullivan County, Tennessee",80669,2322
47165,0500000US47165,"Sumner County, Tennessee",108835,2578
47167,0500000US47167,"Tipton County, Tennessee",87322,4239
47169,0500000US47169,"Trousdale County, Tennessee",75095,7929
47171,0500000US47171,"Unicoi County, Tennessee",65839,4813
47173,0500000US47173,"Union County, Tennessee",76005,5937
47175,0500000US47175,"Van Buren County, Tennessee",69959,5944
47177,0500000US47177,"Warren County, Tennessee",72310,6505
47179,0500000US47179,"Washington County, Tennessee",85716,3337
47181,0500000US47181,"Wayne County, Tennessee",76998,9654
47183,0500000US47183,"Weakley County, Tennessee",63928,3201
47185,0500000US47185,"White County, Tennessee",70030,5729
47187,0500000US47187,"Williamson County, Tennessee",177673,4555
47189,0500000US47189,"Wilson County, Tennessee",120719,8476
48001,0500000US48001,"Anderson County, Texas",77422,5896
48003,0500000US48003,"Andrews County, Texas",102475,12043
48005,0500000US48005,"Angelina County, Texas",75570,3155
48007,0500000US48007,"Aransas County, Texas",87292,7774
48009,0500000US48009,"Archer County, Texas",98442,10937
48011,0500000US48011,"Armstrong County, Texas",83081,7078
48013,0500000US48013,"Atascosa County, Texas",83533,4372
48015,0500000US48015,"Austin County, Texas",96058,4443
48017,0500000US48017,"Bailey County, Texas",79645,16092
48019,0500000US48019,"Bandera County, Texas",91805,8593
48021,0500000US48021,"Bastrop County, Texas",98377,4792
48023,0500000US48023,"Baylor County, Texas",61655,7812
48025,0500000US48025,"Bee County, Texas",71739,5186
48027,0500000US48027,"Bell County, Texas",87878,2175
48029,0500000US48029,"Bexar County, Texas",95613,1008
48031,0500000US48031,"Blanco County, Texas",110438,12280
48033,0500000US48033,"Borden County, Texas",107695,29858
48035,0500000US48035,"Bosque County, Texas",88401,4781
48037,0500000US48037,"Bowie County, Texas",81415,3749
48039,0500000US48039,"Brazoria County, Texas",120034,2597
48041,0500000US48041,"Brazos County, Texas",88284,2616
48043,0500000US48043,"Brewster County, Texas",72031,6559
48045,0500000US48045,"Briscoe County, Texas",69058,13562
48047,0500000US48047,"Brooks County, Texas",53032,12405
48049,0500000US48049,"Brown County, Texas",77845,5269
48051,0500000US48051,"Burleson County, Texas",95502,8804
48053,0500000US48053,"Burnet County, Texas",108845,6641
48055,0500000US48055,"Caldwell County, Texas",87208,5252
48057,0500000US48057,"Calhoun County, Texas",89985,7033
48059,0500000US48059,"Callahan County, Texas",81976,6329
48061,0500000US48061,"Cameron County, Texas",70034,1520
48063,0500000US48063,"Camp County, Texas",77431,8066
48065,0500000US48065,"Carson County, Texas",102684,7166
48067,0500000US48067,"Cass County, Texas",71132,4815
48069,0500000US48069,"Castro County, Texas",81404,8510
48071,0500000US48071,"Chambers County, Texas",118778,6249
48073,0500000US48073,"Cherokee County, Texas",79137,4654
48075,0500000US48075,"Childress County, Texas",79090,12481
48077,0500000US48077,"Clay County, Texas",88709,5052
48079,0500000US48079,"Cochran County, Texas",60297,5370
48081,0500000US48081,"Coke County, Texas",65666,8164
48083,0500000US48083,"Coleman County, Texas",75407,10179
48085,0500000US48085,"Collin County, Texas",150558,1805
48087,0500000US48087,"Collingsworth County, Texas",76830,10631
48089,0500000US48089,"Colorado County, Texas",98115,8670
48091,0500000US48091,"Comal County, Texas",132390,4443
48093,0500000US48093,"Comanche County, Texas",79496,6151
48095,0500000US48095,"Concho County, Texas",71323,7855
48097,0500000US48097,"Cooke County, Texas",99881,7032
48099,0500000US48099,"Coryell County, Texas",84950,3570
48101,0500000US48101,"Cottle County, Texas",77808,17712
48103,0500000US48103,"Crane County, Texas",80750,13027
48105,0500000US48105,"Crockett County, Texas",97081,17046
48107,0500000US48107,"Crosby County, Texas",79476,17752
48109,0500000US48109,"Culberson County, Texas",53258,9253
48111,0500000US48111,"Dallam County, Texas",82731,7693
48113,0500000US48113,"Dallas County, Texas",109165,1066
48115,0500000US48115,"Dawson County, Texas",73403,7803
48117,0500000US48117,"Deaf Smith County, Texas",71959,4924
48119,0500000US48119,"Delta County, Texas",79499,8936
48121,0500000US48121,"Denton County, Texas",141539,1814
48123,0500000US48123,"DeWitt County, Texas",86159,8081
48125,0500000US48125,"Dickens County, Texas",74248,10636
48127,0500000US48127,"Dimmit County, Texas",56336,7915
48129,0500000US48129,"Donley County, Texas",69217,7949
48131,0500000US48131,"Duval County, Texas",60248,6560
48133,0500000US48133,"Eastland County, Texas",76423,7244
48135,0500000US48135,"Ector County, Texas",92177,3566
48137,0500000US48137,"Edwards County, Texas",51921,10872
48139,0500000US48139,"Ellis County, Texas",113936,3023
48141,0500000US48141,"El Paso County, Texas",77793,1205
48143,0500000US48143,"Erath County, Texas",86705,4835
48145,0500000US48145,"Falls County, Texas",73085,5518
48147,0500000US48147,"Fannin County, Texas",94746,6657
48149,0500000US48149,"Fayette County, Texas",102640,7434
48151,0500000US48151,"Fisher County, Texas",80053,5267
48153,0500000US48153,"Floyd County, Texas",83028,20076
48155,0500000US48155,"Foard County, Texas",67922,16199
48157,0500000US48157,"Fort Bend County, Texas",142109,2316
48159,0500000US48159,"Franklin County, Texas",100219,14408
48161,0500000US48161,"Freestone County, Texas",79090,5616
48163,0500000US48163,"Frio County, Texas",69774,7205
48165,0500000US48165,"Gaines County, Texas",93729,7459
48167,0500000US48167,"Galveston County, Texas",112903,2411
48169,0500000US48169,"Garza County, Texas",68426,7925
48171,0500000US48171,"Gillespie County, Texas",101721,8411
48173,0500000US48173,"Glasscock County, Texas",129098,23243
48175,0500000US48175,"Goliad County, Texas",97209,13704
48177,0500000US48177,"Gonzales County, Texas",80607,7685
48179,0500000US48179,"Gray County, Texas",80830,9261
48181,0500000US48181,"Grayson County, Texas",94814,3648
48183,0500000US48183,"Gregg County, Texas",88513,3831
48185,0500000US48185,"Grimes County, Texas",93263,12461
48187,0500000US48187,"Guadalupe County, Texas",110416,3220
48189,0500000US48189,"Hale County, Texas",67864,4142
48191,0500000US48191,"Hall County, Texas",62557,7309
48193,0500000US48193,"Hamilton County, Texas",88821,15762
48195,0500000US48195,"Hansford County, Texas",92246,12520
48197,0500000US48197,"Hardeman County, Texas",72735,9003
48199,0500000US48199,"Hardin County, Texas",94057,4126
48201,0500000US48201,"Harris County, Texas",108784,975
48203,0500000US48203,"Harrison County, Texas",83262,3993
48205,0500000US48205,"Hartley County, Texas",101180,12933
48207,0500000US48207,"Haskell County, Texas",91500,19068
48209,0500000US48209,"Hays County, Texas",112348,3035
48211,0500000US48211,"Hemphill County, Texas",111954,28089
48213,0500000US48213,"Henderson County, Texas",85410,4636
48215,0500000US48215,"Hidalgo County, Texas",71722,1338
48217,0500000US48217,"Hill County, Texas",80154,3080
48219,0500000US48219,"Hockley County, Texas",77012,3839
48221,0500000US48221,"Hood County, Texas",112569,5958
48223,0500000US48223,"Hopkins County, Texas",86649,5563
48225,0500000US48225,"Houston County, Texas",75378,5891
48227,0500000US48227,"Howard County, Texas",91958,4976
48229,0500000US48229,"Hudspeth County, Texas",57117,14010
48231,0500000US48231,"Hunt County, Texas",88486,3203
48233,0500000US48233,"Hutchinson County, Texas",84741,4592
48235,0500000US48235,"Irion County, Texas",78001,14874
48237,0500000US48237,"Jack County, Texas",87701,9551
48239,0500000US48239,"Jackson County, Texas",84901,7440
48241,0500000US48241,"Jasper County, Texas",74872,8221
48243,0500000US48243,"Jeff Davis County, Texas",73186,23742
48245,0500000US48245,"Jefferson County, Texas",84558,2592
48247,0500000US48247,"Jim Hogg County, Texas",60903,9473
48249,0500000US48249,"Jim Wells County, Texas",70198,3935
48251,0500000US48251,"Johnson County, Texas",99310,2811
48253,0500000US48253,"Jones County, Texas",77333,6382
48255,0500000US48255,"Karnes County, Texas",88349,8550
48257,0500000US48257,"Kaufman County, Texas",104547,2959
48259,0500000US48259,"Kendall County, Texas",155655,11194
48261,0500000US48261,"Kenedy County, Texas",74447,43149
48263,0500000US48263,"Kent County, Texas",86324,13667
48265,0500000US48265,"Kerr County, Texas",94608,4972
48267,0500000US48267,"Kimble County, Texas",86848,16895
48269,0500000US48269,"King County, Texas",73751,20390
48271,0500000US48271,"Kinney County, Texas",71116,18563
48273,0500000US48273,"Kleberg County, Texas",71503,4669
48275,0500000US48275,"Knox County, Texas",71418,7625
48277,0500000US48277,"Lamar County, Texas",78269,4841
48279,0500000US48279,"Lamb County, Texas",71174,4582
48281,0500000US48281,"Lampasas County, Texas",94987,5083
48283,0500000US48283,"La Salle County, Texas",63560,7644
48285,0500000US48285,"Lavaca County, Texas",85705,3780
48287,0500000US48287,"Lee County, Texas",79410,4655
48289,0500000US48289,"Leon County, Texas",78251,6137
48291,0500000US48291,"Liberty County, Texas",84108,4192
48293,0500000US48293,"Limestone County, Texas",72269,4723
48295,0500000US48295,"Lipscomb County, Texas",91227,11612
48297,0500000US48297,"Live Oak County, Texas",76267,7932
48299,0500000US48299,"Llano County, Texas",112454,13069
48301,0500000US48301,"Loving County, Texas",122464,128716
48303,0500000US48303,"Lubbock County, Texas",88862,2507
48305,0500000US48305,"Lynn County, Texas",86918,9474
48307,0500000US48307,"McCulloch County, Texas",70413,10208
48309,0500000US48309,"McLennan County, Texas",88079,2188
48311,0500000US48311,"McMullen County, Texas",71042,20178
48313,0500000US48313,"Madison County, Texas",81177,7484
48315,0500000US48315,"Marion County, Texas",64983,5994
48317,0500000US48317,"Martin County, Texas",116270,20380
48319,0500000US48319,"Mason County, Texas",86998,11623
48321,0500000US48321,"Matagorda County, Texas",73895,4255
48323,0500000US48323,"Maverick County, Texas",66676,4749
48325,0500000US48325,"Medina County, Texas",93117,6444
48327,0500000US48327,"Menard County, Texas",70099,16007
48329,0500000US48329,"Midland County, Texas",126452,5976
48331,0500000US48331,"Milam County, Texas",83189,9859
48333,0500000US48333,"Mills County, Texas",84978,11284
48335,0500000US48335,"Mitchell County, Texas",85561,9986
48337,0500000US48337,"Montague County, Texas",77671,4267
48339,0500000US48339,"Montgomery County, Texas",133981,2750
48341,0500000US48341,"Moore County, Texas",79523,5838
48343,0500000US48343,"Morris County, Texas",66173,4479
48345,0500000US48345,"Motley County, Texas",71578,10265
48347,0500000US48347,"Nacogdoches County, Texas",74527,4945
48349,0500000US48349,"Navarro County, Texas",79388,4545
48351,0500000US48351,"Newton County, Texas",58670,5115
48353,0500000US48353,"Nolan County, Texas",73488,5555
48355,0500000US48355,"Nueces County, Texas",88191,1929
48357,0500000US48357,"Ochiltree County, Texas",84014,7619
48359,0500000US48359,"Oldham County, Texas",101922,14882
48361,0500000US48361,"Orange County, Texas",95090,3590
48363,0500000US48363,"Palo Pinto County, Texas",83595,4938
48365,0500000US48365,"Panola County, Texas",88542,6831
48367,0500000US48367,"Parker County, Texas",127321,3890
48369,0500000US48369,"Parmer County, Texas",87645,6161
48371,0500000US48371,"Pecos County, Texas",89131,9013
48373,0500000US48373,"Polk County, Texas",74300,3492
48375,0500000US48375,"Potter County, Texas",72783,2903
48377,0500000US48377,"Presidio County, Texas",52927,17833
48379,0500000US48379,"Rains County, Texas",98847,13584
48381,0500000US48381,"Randall County, Texas",104696,4704
48383,0500000US48383,"Reagan County, Texas",84980,9293
48385,0500000US48385,"Real County, Texas",69770,22653
48387,0500000US48387,"Red River County, Texas",62897,4724
48389,0500000US48389,"Reeves County, Texas",70309,7273
48391,0500000US48391,"Refugio County, Texas",67832,6426
48393,0500000US48393,"Roberts County, Texas",80866,13195
48395,0500000US48395,"Robertson County, Texas",79904,5606
48397,0500000US48397,"Rockwall County, Texas",158752,7613
48399,0500000US48399,"Runnels County, Texas",78798,4981
48401,0500000US48401,"Rusk County, Texas",92968,7449
48403,0500000US48403,"Sabine County, Texas",84919,15264
48405,0500000US48405,"San Augustine County, Texas",64927,9219
48407,0500000US48407,"San Jacinto County, Texas",81516,8786
48409,0500000US48409,"San Patricio County, Texas",87501,4321
48411,0500000US48411,"San Saba County, Texas",73917,6973
48413,0500000US48413,"Schleicher County, Texas",86955,11356
48415,0500000US48415,"Scurry County, Texas",85314,7070
48417,0500000US48417,"Shackelford County, Texas",80358,9815
48419,0500000US48419,"Shelby County, Texas",74633,6057
48421,0500000US48421,"Sherman County, Texas",147760,61805
48423,0500000US48423,"Smith County, Texas",96148,2908
48425,0500000US48425,"Somervell County, Texas",101081,9430
48427,0500000US48427,"Starr County, Texas",58105,5908
48429,0500000US48429,"Stephens County, Texas",73664,6340
48431,0500000US48431,"Sterling County, Texas",112935,18562
48433,0500000US48433,"Stonewall County, Texas",113326,65065
48435,0500000US48435,"Sutton County, Texas",79457,8694
48437,0500000US48437,"Swisher County, Texas",60217,7373
48439,0500000US48439,"Tarrant County, Texas",112126,1122
48441,0500000US48441,"Taylor County, Texas",87167,3253
48443,0500000US48443,"Terrell County, Texas",63741,14496
48445,0500000US48445,"Terry County, Texas",66207,5970
48447,0500000US48447,"Throckmorton County, Texas",73249,10986
48449,0500000US48449,"Titus County, Texas",76026,3412
48451,0500000US48451,"Tom Green County, Texas",87666,3409
48453,0500000US48453,"Travis County, Texas",137817,1519
48455,0500000US48455,"Trinity County, Texas",73199,6706
48457,0500000US48457,"Tyler County, Texas",91760,19766
48459,0500000US48459,"Upshur County, Texas",84875,5590
48461,0500000US48461,"Upton County, Texas",71782,9565
48463,0500000US48463,"Uvalde County, Texas",74085,9061
48465,0500000US48465,"Val Verde County, Texas",75738,4414
48467,0500000US48467,"Van Zandt County, Texas",90821,5065
48469,0500000US48469,"Victoria County, Texas",88149,2731
48471,0500000US48471,"Walker County, Texas",68951,3939
48473,0500000US48473,"Waller County, Texas",105868,5658
48475,0500000US48475,"Ward County, Texas",99358,17010
48477,0500000US48477,"Washington County, Texas",101919,8973
48479,0500000US48479,"Webb County, Texas",80723,2627
48481,0500000US48481,"Wharton County, Texas",89055,10045
48483,0500000US48483,"Wheeler County, Texas",77469,6995
48485,0500000US48485,"Wichita County, Texas",83994,3206
48487,0500000US48487,"Wilbarger County, Texas",69207,6627
48489,0500000US48489,"Willacy County, Texas",63701,7099
48491,0500000US48491,"Williamson County, Texas",134720,2064
48493,0500000US48493,"Wilson County, Texas",116219,7577
48495,0500000US48495,"Winkler County, Texas",94977,7370
48497,0500000US48497,"Wise County, Texas",110406,4231
48499,0500000US48499,"Wood County, Texas",85733,6837
48501,0500000US48501,"Yoakum County, Texas",101220,14085
48503,0500000US48503,"Young County, Texas",85404,6993
48505,0500000US48505,"Zapata County, Texas",56798,6121
48507,0500000US48507,"Zavala County, Texas",55486,7308
49001,0500000US49001,"Beaver County, Utah",91447,7550
49003,0500000US49003,"Box Elder County, Utah",94546,3426
49005,0500000US49005,"Cache County, Utah",100825,2647
49007,0500000US49007,"Carbon County, Utah",70471,3713
49009,0500000US49009,"Daggett County, Utah",77359,12719
49011,0500000US49011,"Davis County, Utah",129739,2197
49013,0500000US49013,"Duchesne County, Utah",92726,4837
49015,0500000US49015,"Emery County, Utah",83815,6056
49017,0500000US49017,"Garfield County, Utah",81639,8895
49019,0500000US49019,"Grand County, Utah",85833,9839
49021,0500000US49021,"Iron County, Utah",86314,4083
49023,0500000US49023,"Juab County, Utah",100958,7167
49025,0500000US49025,"Kane County, Utah",95094,10185
49027,0500000US49027,"Millard County, Utah",81384,4339
49029,0500000US49029,"Morgan County, Utah",152810,13303
49031,0500000US49031,"Piute County, Utah",57584,6928
49033,0500000US49033,"Rich County, Utah",87420,7844
49035,0500000US49035,"Salt Lake County, Utah",121509,1496
49037,0500000US49037,"San Juan County, Utah",73598,6650
49039,0500000US49039,"Sanpete County, Utah",84735,6299
49041,0500000US49041,"Sevier County, Utah",86316,4040
49043,0500000US49043,"Summit County, Utah",208695,12418
49045,0500000US49045,"Tooele County, Utah",120925,9106
49047,0500000US49047,"Uintah County, Utah",92354,9965
49049,0500000US49049,"Utah County, Utah",121499,1643
49051,0500000US49051,"Wasatch County, Utah",159943,11928
49053,0500000US49053,"Washington County, Utah",104854,3987
49055,0500000US49055,"Wayne County, Utah",80918,8497
49057,0500000US49057,"Weber County, Utah",105251,2191
50001,0500000US50001,"Addison County, Vermont",107877,3184
50003,0500000US50003,"Bennington County, Vermont",102609,6226
50005,0500000US50005,"Caledonia County, Vermont",88223,3794
50007,0500000US50007,"Chittenden County, Vermont",120665,2849
50009,0500000US50009,"Essex County, Vermont",76292,7204
50011,0500000US50011,"Franklin County, Vermont",95791,4006
50013,0500000US50013,"Grand Isle County, Vermont",125572,10198
50015,0500000US50015,"Lamoille County, Vermont",104443,8124
50017,0500000US50017,"Orange County, Vermont",94637,3549
50019,0500000US50019,"Orleans County, Vermont",83959,3495
50021,0500000US50021,"Rutland County, Vermont",87595,2660
50023,0500000US50023,"Washington County, Vermont",102667,3340
50025,0500000US50025,"Windham County, Vermont",93317,4455
50027,0500000US50027,"Windsor County, Vermont",106755,4056
51001,0500000US51001,"Accomack County, Virginia",76527,4812
51003,0500000US51003,"Albemarle County, Virginia",141600,5129
51005,0500000US51005,"Alleghany County, Virginia",69390,4671
51007,0500000US51007,"Amelia County, Virginia",81188,7804
51009,0500000US51009,"Amherst County, Virginia",88404,8023
51011,0500000US51011,"Appomattox County, Virginia",78227,5475
51013,0500000US51013,"Arlington County, Virginia",184356,3613
51015,0500000US51015,"Augusta County, Virginia",93110,3207
51017,0500000US51017,"Bath County, Virginia",84279,16268
51019,0500000US51019,"Bedford County, Virginia",101435,4464
51021,0500000US51021,"Bland County, Virginia",74110,7791
51023,0500000US51023,"Botetourt County, Virginia",100728,5577
51025,0500000US51025,"Brunswick County, Virginia",71884,5885
51027,0500000US51027,"Buchanan County, Virginia",59584,6681
51029,0500000US51029,"Buckingham County, Virginia",74211,5586
51031,0500000US51031,"Campbell County, Virginia",80840,3138
51033,0500000US51033,"Caroline County, Virginia",101829,5498
51035,0500000US51035,"Carroll County, Virginia",66876,4786
51036,0500000US51036,"Charles City County, Virginia",92844,8201
51037,0500000US51037,"Charlotte County, Virginia",67948,7124
51041,0500000US51041,"Chesterfield County, Virginia",124805,2860
51043,0500000US51043,"Clarke County, Virginia",137142,11950
51045,0500000US51045,"Craig County, Virginia",87694,16329
51047,0500000US51047,"Culpeper County, Virginia",116086,5479
51049,0500000US51049,"Cumberland County, Virginia",84793,10119
51051,0500000US51051,"Dickenson County, Virginia",59352,6407
51053,0500000US51053,"Dinwiddie County, Virginia",101604,8041
51057,0500000US51057,"Essex County, Virginia",75330,7166
51059,0500000US51059,"Fairfax County, Virginia",191191,1649
51061,0500000US51061,"Fauquier County, Virginia",155933,4730
51063,0500000US51063,"Floyd County, Virginia",81982,7881
51065,0500000US51065,"Fluvanna County, Virginia",113385,8644
51067,0500000US51067,"Franklin County, Virginia",90740,4647
51069,0500000US51069,"Frederick County, Virginia",117692,4450
51071,0500000US51071,"Giles County, Virginia",76719,4115
51073,0500000US51073,"Gloucester County, Virginia",103122,4641
51075,0500000US51075,"Goochland County, Virginia",172374,14878
51077,0500000US51077,"Grayson County, Virginia",64012,7797
51079,0500000US51079,"Greene County, Virginia",110807,9381
51081,0500000US51081,"Greensville County, Virginia",76071,8198
51083,0500000US51083,"Halifax County, Virginia",64146,3583
51085,0500000US51085,"Hanover County, Virginia",135241,5851
51087,0500000US51087,"Henrico County, Virginia",121771,2365
51089,0500000US51089,"Henry County, Virginia",64932,2839
51091,0500000US51091,"Highland County, Virginia",76984,9251
51093,0500000US51093,"Isle of Wight County, Virginia",119223,5337
51095,0500000US51095,"James City County, Virginia",132549,4345
51097,0500000US51097,"King and Queen County, Virginia",88368,8408
51099,0500000US51099,"King George County, Virginia",126189,6433
51101,0500000US51101,"King William County, Virginia",97561,5305
51103,0500000US51103,"Lancaster County, Virginia",98274,6968
51105,0500000US51105,"Lee County, Virginia",60434,4726
51107,0500000US51107,"Loudoun County, Virginia",209947,4271
51109,0500000US51109,"Louisa County, Virginia",108564,6888
51111,0500000US51111,"Lunenburg County, Virginia",65840,5031
51113,0500000US51113,"Madison County, Virginia",103123,7936
51115,0500000US51115,"Mathews County, Virginia",100156,12319
51117,0500000US51117,"Mecklenburg County, Virginia",73997,4155
51119,0500000US51119,"Middlesex County, Virginia",92227,6781
51121,0500000US51121,"Montgomery County, Virginia",93218,3672
51125,0500000US51125,"Nelson County, Virginia",100430,8465
51127,0500000US51127,"New Kent County, Virginia",135614,8302
51131,0500000US51131,"Northampton County, Virginia",85776,6160
51133,0500000US51133,"Northumberland County, Virginia",101818,13505
51135,0500000US51135,"Nottoway County, Virginia",73868,5382
51137,0500000US51137,"Orange County, Virginia",117261,8363
51139,0500000US51139,"Page County, Virginia",72525,4796
51141,0500000US51141,"Patrick County, Virginia",73865,6383
51143,0500000US51143,"Pittsylvania County, Virginia",71627,3604
51145,0500000US51145,"Powhatan County, Virginia",131371,6717
51147,0500000US51147,"Prince Edward County, Virginia",75079,5163
51149,0500000US51149,"Prince George County, Virginia",102321,5615
51153,0500000US51153,"Prince William County, Virginia",155425,2529
51155,0500000US51155,"Pulaski County, Virginia",81064,5274
51157,0500000US51157,"Rappahannock County, Virginia",140266,17094
51159,0500000US51159,"Richmond County, Virginia",79207,6424
51161,0500000US51161,"Roanoke County, Virginia",107156,3565
51163,0500000US51163,"Rockbridge County, Virginia",85339,5278
51165,0500000US51165,"Rockingham County, Virginia",100367,4350
51167,0500000US51167,"Russell County, Virginia",66584,5876
51169,0500000US51169,"Scott County, Virginia",63469,3940
51171,0500000US51171,"Shenandoah County, Virginia",86594,6182
51173,0500000US51173,"Smyth County, Virginia",66592,4739
51175,0500000US51175,"Southampton County, Virginia",83914,5394
51177,0500000US51177,"Spotsylvania County, Virginia",130137,4162
51179,0500000US51179,"Stafford County, Virginia",157495,4460
51181,0500000US51181,"Surry County, Virginia",86472,7437
51183,0500000US51183,"Sussex County, Virginia",83114,8372
51185,0500000US51185,"Tazewell County, Virginia",68404,5099
51187,0500000US51187,"Warren County, Virginia",103067,5332
51191,0500000US51191,"Washington County, Virginia",91122,8566
51193,0500000US51193,"Westmoreland County, Virginia",84744,10508
51195,0500000US51195,"Wise County, Virginia",61657,2734
51197,0500000US51197,"Wythe County, Virginia",75350,5820
51199,0500000US51199,"York County, Virginia",133056,4508
51510,0500000US51510,"Alexandria city, Virginia",159455,3007
51520,0500000US51520,"Bristol city, Virginia",62955,5143
51530,0500000US51530,"Buena Vista city, Virginia",83522,27128
51540,0500000US51540,"Charlottesville city, Virginia",109240,6896
51550,0500000US51550,"Chesapeake city, Virginia",116849,2981
51570,0500000US51570,"Colonial Heights city, Virginia",93743,7515
51580,0500000US51580,"Covington city, Virginia",54455,5587
51590,0500000US51590,"Danville city, Virginia",62024,3229
51595,0500000US51595,"Emporia city, Virginia",66137,6823
51600,0500000US51600,"Fairfax city, Virginia",170219,13900
51610,0500000US51610,"Falls Church city, Virginia",205626,13417
51620,0500000US51620,"Franklin city, Virginia",79553,7761
51630,0500000US51630,"Fredericksburg city, Virginia",117378,9313
51640,0500000US51640,"Galax city, Virginia",73907,14266
51650,0500000US51650,"Hampton city, Virginia",85775,3005
51660,0500000US51660,"Harrisonburg city, Virginia",80210,3071
51670,0500000US51670,"Hopewell city, Virginia",64349,5389
51678,0500000US51678,"Lexington city, Virginia",95202,17571
51680,0500000US51680,"Lynchburg city, Virginia",79359,3004
51683,0500000US51683,"Manassas city, Virginia",139363,6265
51685,0500000US51685,"Manassas Park city, Virginia",123119,11374
51690,0500000US51690,"Martinsville city, Virginia",65146,7282
51700,0500000US51700,"Newport News city, Virginia",87285,4683
51710,0500000US51710,"Norfolk city, Virginia",88032,2096
51720,0500000US51720,"Norton city, Virginia",56274,8497
51730,0500000US51730,"Petersburg city, Virginia",62609,3743
51735,0500000US51735,"Poquoson city, Virginia",135303,9056
51740,0500000US51740,"Portsmouth city, Virginia",77280,2635
51750,0500000US51750,"Radford city, Virginia",68571,6195
51760,0500000US51760,"Richmond city, Virginia",94647,2579
51770,0500000US51770,"Roanoke city, Virginia",76775,3629
51775,0500000US51775,"Salem city, Virginia",92769,6536
51790,0500000US51790,"Staunton city, Virginia",80760,4775
51800,0500000US51800,"Suffolk city, Virginia",115247,4442
51810,0500000US51810,"Virginia Beach city, Virginia",118081,1903
51820,0500000US51820,"Waynesboro city, Virginia",74559,5419
51830,0500000US51830,"Williamsburg city, Virginia",107619,14401
51840,0500000US51840,"Winchester city, Virginia",86816,5729
53001,0500000US53001,"Adams County, Washington",82379,5028
53003,0500000US53003,"Asotin County, Washington",90466,6911
53005,0500000US53005,"Benton County, Washington",111832,2674
53007,0500000US53007,"Chelan County, Washington",105534,4923
53009,0500000US53009,"Clallam County, Washington",89116,3399
53011,0500000US53011,"Clark County, Washington",120560,1843
53013,0500000US53013,"Columbia County, Washington",89990,14662
53015,0500000US53015,"Cowlitz County, Washington",92523,2875
53017,0500000US53017,"Douglas County, Washington",110625,7439
53019,0500000US53019,"Ferry County, Washington",74026,6072
53021,0500000US53021,"Franklin County, Washington",105287,4567
53023,0500000US53023,"Garfield County, Washington",76848,9147
53025,0500000US53025,"Grant County, Washington",89681,3677
53027,0500000US53027,"Grays Harbor County, Washington",82333,3435
53029,0500000US53029,"Island County, Washington",110452,4210
53031,0500000US53031,"Jefferson County, Washington",101205,7051
53033,0500000US53033,"King County, Washington",170405,1376
53035,0500000US53035,"Kitsap County, Washington",125517,2694
53037,0500000US53037,"Kittitas County, Washington",95281,4045
53039,0500000US53039,"Klickitat County, Washington",96485,7073
53041,0500000US53041,"Lewis County, Washington",86552,3031
53043,0500000US53043,"Lincoln County, Washington",91981,6096
53045,0500000US53045,"Mason County, Washington",97813,3781
53047,0500000US53047,"Okanogan County, Washington",77804,3587
53049,0500000US53049,"Pacific County, Washington",86985,5308
53051,0500000US53051,"Pend Oreille County, Washington",83822,6324
53053,0500000US53053,"Pierce County, Washington",120501,1512
53055,0500000US53055,"San Juan County, Washington",129398,7053
53057,0500000US53057,"Skagit County, Washington",108032,2598
53059,0500000US53059,"Skamania County, Washington",106938,5963
53061,0500000US53061,"Snohomish County, Washington",136089,1825
53063,0500000US53063,"Spokane County, Washington",98513,1632
53065,0500000US53065,"Stevens County, Washington",88291,4535
53067,0500000US53067,"Thurston County, Washington",111383,2289
53069,0500000US53069,"Wahkiakum County, Washington",75908,8319
53071,0500000US53071,"Walla Walla County, Washington",96277,4103
53073,0500000US53073,"Whatcom County, Washington",105948,2462
53075,0500000US53075,"Whitman County, Washington",78956,4029
53077,0500000US53077,"Yakima County, Washington",85476,1909
54001,0500000US54001,"Barbour County, West Virginia",62548,5372
54003,0500000US54003,"Berkeley County, West Virginia",95488,2903
54005,0500000US54005,"Boone County, West Virginia",67971,3993
54007,0500000US54007,"Braxton County, West Virginia",56895,4849
54009,0500000US54009,"Brooke County, West Virginia",71104,4528
54011,0500000US54011,"Cabell County, West Virginia",75291,2760
54013,0500000US54013,"Calhoun County, West Virginia",56805,10040
54015,0500000US54015,"Clay County, West Virginia",57968,7231
54017,0500000US54017,"Doddridge County, West Virginia",95860,15207
54019,0500000US54019,"Fayette County, West Virginia",65286,3479
54021,0500000US54021,"Gilmer County, West Virginia",61984,7890
54023,0500000US54023,"Grant County, West Virginia",72148,6511
54025,0500000US54025,"Greenbrier County, West Virginia",70265,5544
54027,0500000US54027,"Hampshire County, West Virginia",75033,4752
54029,0500000US54029,"Hancock County, West Virginia",78641,4294
54031,0500000US54031,"Hardy County, West Virginia",67480,4846
54033,0500000US54033,"Harrison County, West Virginia",81096,2696
54035,0500000US54035,"Jackson County, West Virginia",82704,8162
54037,0500000US54037,"Jefferson County, West Virginia",116259,4755
54039,0500000US54039,"Kanawha County, West Virginia",81423,2641
54041,0500000US54041,"Lewis County, West Virginia",73742,6293
54043,0500000US54043,"Lincoln County, West Virginia",63916,5756
54045,0500000US54045,"Logan County, West Virginia",71127,7673
54047,0500000US54047,"McDowell County, West Virginia",41736,3785
54049,0500000US54049,"Marion County, West Virginia",80748,2493
54051,0500000US54051,"Marshall County, West Virginia",80519,6198
54053,0500000US54053,"Mason County, West Virginia",76383,7531
54055,0500000US54055,"Mercer County, West Virginia",66550,4403
54057,0500000US54057,"Mineral County, West Virginia",86991,9420
54059,0500000US54059,"Mingo County, West Virginia",54389,4754
54061,0500000US54061,"Monongalia County, West Virginia",94045,3104
54063,0500000US54063,"Monroe County, West Virginia",66394,5927
54065,0500000US54065,"Morgan County, West Virginia",78578,5304
54067,0500000US54067,"Nicholas County, West Virginia",69139,6470
54069,0500000US54069,"Ohio County, West Virginia",86627,5738
54071,0500000US54071,"Pendleton County, West Virginia",67231,5974
54073,0500000US54073,"Pleasants County, West Virginia",103825,29161
54075,0500000US54075,"Pocahontas County, West Virginia",55746,4978
54077,0500000US54077,"Preston County, West Virginia",74939,3640
54079,0500000US54079,"Putnam County, West Virginia",98681,3955
54081,0500000US54081,"Raleigh County, West Virginia",71102,3547
54083,0500000US54083,"Randolph County, West Virginia",69817,4941
54085,0500000US54085,"Ritchie County, West Virginia",64123,5632
54087,0500000US54087,"Roane County, West Virginia",63208,6095
54089,0500000US54089,"Summers County, West Virginia",59666,5112
54091,0500000US54091,"Taylor County, West Virginia",75742,6505
54093,0500000US54093,"Tucker County, West Virginia",75203,7486
54095,0500000US54095,"Tyler County, West Virginia",77720,6961
54097,0500000US54097,"Upshur County, West Virginia",72482,6426
54099,0500000US54099,"Wayne County, West Virginia",76974,7281
54101,0500000US54101,"Webster County, West Virginia",57478,8086
54103,0500000US54103,"Wetzel County, West Virginia",68584,5874
54105,0500000US54105,"Wirt County, West Virginia",66144,6083
54107,0500000US54107,"Wood County, West Virginia",76135,3140
54109,0500000US54109,"Wyoming County, West Virginia",62383,7127
55001,0500000US55001,"Adams County, Wisconsin",74613,3060
55003,0500000US55003,"Ashland County, Wisconsin",72039,3428
55005,0500000US55005,"Barron County, Wisconsin",85894,3202
55007,0500000US55007,"Bayfield County, Wisconsin",88980,3198
55009,0500000US55009,"Brown County, Wisconsin",99390,2714
55011,0500000US55011,"Buffalo County, Wisconsin",80608,2570
55013,0500000US55013,"Burnett County, Wisconsin",82526,3095
55015,0500000US55015,"Calumet County, Wisconsin",107242,4466
55017,0500000US55017,"Chippewa County, Wisconsin",93401,3546
55019,0500000US55019,"Clark County, Wisconsin",86275,2713
55021,0500000US55021,"Columbia County, Wisconsin",98820,2203
55023,0500000US55023,"Crawford County, Wisconsin",80220,3399
55025,0500000US55025,"Dane County, Wisconsin",117041,2617
55027,0500000US55027,"Dodge County, Wisconsin",88987,1915
55029,0500000US55029,"Door County, Wisconsin",99914,4610
55031,0500000US55031,"Douglas County, Wisconsin",86804,2387
55033,0500000US55033,"Dunn County, Wisconsin",88965,3090
55035,0500000US55035,"Eau Claire County, Wisconsin",96941,4065
55037,0500000US55037,"Florence County, Wisconsin",78755,7136
55039,0500000US55039,"Fond du Lac County, Wisconsin",91108,2106
55041,0500000US55041,"Forest County, Wisconsin",73293,3158
55043,0500000US55043,"Grant County, Wisconsin",82821,2961
55045,0500000US55045,"Green County, Wisconsin",96605,2959
55047,0500000US55047,"Green Lake County, Wisconsin",87958,3817
55049,0500000US55049,"Iowa County, Wisconsin",97487,3691
55051,0500000US55051,"Iron County, Wisconsin",73582,3593
55053,0500000US55053,"Jackson County, Wisconsin",82194,3817
55055,0500000US55055,"Jefferson County, Wisconsin",97779,2475
55057,0500000US55057,"Juneau County, Wisconsin",78183,2972
55059,0500000US55059,"Kenosha County, Wisconsin",99465,2176
55061,0500000US55061,"Kewaunee County, Wisconsin",94566,4731
55063,0500000US55063,"La Crosse County, Wisconsin",95451,2987
55065,0500000US55065,"Lafayette County, Wisconsin",86841,2522
55067,0500000US55067,"Langlade County, Wisconsin",76439,4786
55069,0500000US55069,"Lincoln County, Wisconsin",83765,3699
55071,0500000US55071,"Manitowoc County, Wisconsin",86730,2455
55073,0500000US55073,"Marathon County, Wisconsin",95540,1971
55075,0500000US55075,"Marinette County, Wisconsin",80117,3867
55077,0500000US55077,"Marquette County, Wisconsin",79741,2925
55078,0500000US55078,"Menominee County, Wisconsin",72396,7568
55079,0500000US55079,"Milwaukee County, Wisconsin",86052,1041
55081,0500000US55081,"Monroe County, Wisconsin",85024,3226
55083,0500000US55083,"Oconto County, Wisconsin",90916,2277
55085,0500000US55085,"Oneida County, Wisconsin",89854,3765
55087,0500000US55087,"Outagamie County, Wisconsin",110546,8097
55089,0500000US55089,"Ozaukee County, Wisconsin",136887,4658
55091,0500000US55091,"Pepin County, Wisconsin",95774,5559
55093,0500000US55093,"Pierce County, Wisconsin",109835,5184
55095,0500000US55095,"Polk County, Wisconsin",92480,2129
55097,0500000US55097,"Portage County, Wisconsin",92252,2732
55099,0500000US55099,"Price County, Wisconsin",73497,2664
55101,0500000US55101,"Racine County, Wisconsin",96943,2129
55103,0500000US55103,"Richland County, Wisconsin",80217,3053
55105,0500000US55105,"Rock County, Wisconsin",89673,2196
55107,0500000US55107,"Rusk County, Wisconsin",72443,3062
55109,0500000US55109,"St. Croix County, Wisconsin",124042,5117
55111,0500000US55111,"Sauk County, Wisconsin",95062,3124
55113,0500000US55113,"Sawyer County, Wisconsin",79980,4322
55115,0500000US55115,"Shawano County, Wisconsin",85534,3727
55117,0500000US55117,"Sheboygan County, Wisconsin",92593,2191
55119,0500000US55119,"Taylor County, Wisconsin",81456,3077
55121,0500000US55121,"Trempealeau County, Wisconsin",89298,3052
55123,0500000US55123,"Vernon County, Wisconsin",86971,2572
55125,0500000US55125,"Vilas County, Wisconsin",89265,4801
55127,0500000US55127,"Walworth County, Wisconsin",104608,3041
55129,0500000US55129,"Washburn County, Wisconsin",79948,2747
55131,0500000US55131,"Washington County, Wisconsin",115147,2900
55133,0500000US55133,"Waukesha County, Wisconsin",136213,2200
55135,0500000US55135,"Waupaca County, Wisconsin",91598,6973
55137,0500000US55137,"Waushara County, Wisconsin",82262,2712
55139,0500000US55139,"Winnebago County, Wisconsin",92895,2047
55141,0500000US55141,"Wood County, Wisconsin",86752,3594
56001,0500000US56001,"Albany County, Wyoming",84861,4962
56003,0500000US56003,"Big Horn County, Wyoming",77224,5177
56005,0500000US56005,"Campbell County, Wyoming",105583,4549
56007,0500000US56007,"Carbon County, Wyoming",83412,5843
56009,0500000US56009,"Converse County, Wyoming",93987,7553
56011,0500000US56011,"Crook County, Wyoming",85290,6384
56013,0500000US56013,"Fremont County, Wyoming",82157,3038
56015,0500000US56015,"Goshen County, Wyoming",81657,5867
56017,0500000US56017,"Hot Springs County, Wyoming",77018,7432
56019,0500000US56019,"Johnson County, Wyoming",84353,8978
56021,0500000US56021,"Laramie County, Wyoming",99326,4736
56023,0500000US56023,"Lincoln County, Wyoming",102285,5496
56025,0500000US56025,"Natrona County, Wyoming",95793,4192
56027,0500000US56027,"Niobrara County, Wyoming",73515,11854
56029,0500000US56029,"Park County, Wyoming",94064,7536
56031,0500000US56031,"Platte County, Wyoming",82117,7956
56033,0500000US56033,"Sheridan County, Wyoming",90918,4836
56035,0500000US56035,"Sublette County, Wyoming",128783,34822
56037,0500000US56037,"Sweetwater County, Wyoming",98608,8638
56039,0500000US56039,"Teton County, Wyoming",185173,21695
56041,0500000US56041,"Uinta County, Wyoming",89995,4659
56043,0500000US56043,"Washakie County, Wyoming",80444,6219
56045,0500000US56045,"Weston County, Wyoming",98625,14568
72001,0500000US72001,"Adjuntas Municipio, Puerto Rico",23982,1721
72003,0500000US72003,"Aguada Municipio, Puerto Rico",30427,2097
72005,0500000US72005,"Aguadilla Municipio, Puerto Rico",32367,1605
72007,0500000US72007,"Aguas Buenas Municipio, Puerto Rico",33553,3649
72009,0500000US72009,"Aibonito Municipio, Puerto Rico",31820,2654
72011,0500000US72011,"Añasco Municipio, Puerto Rico",34127,4115
72013,0500000US72013,"Arecibo Municipio, Puerto Rico",33845,2005
72015,0500000US72015,"Arroyo Municipio, Puerto Rico",31680,4932
72017,0500000US72017,"Barceloneta Municipio, Puerto Rico",33968,4049
72019,0500000US72019,"Barranquitas Municipio, Puerto Rico",32285,3668
72021,0500000US72021,"Bayamón Municipio, Puerto Rico",43252,1247
72023,0500000US72023,"Cabo Rojo Municipio, Puerto Rico",38086,2510
72025,0500000US72025,"Caguas Municipio, Puerto Rico",48795,3205
72027,0500000US72027,"Camuy Municipio, Puerto Rico",34922,2314
72029,0500000US72029,"Canóvanas Municipio, Puerto Rico",44882,3419
72031,0500000US72031,"Carolina Municipio, Puerto Rico",48222,1771
72033,0500000US72033,"Cataño Municipio, Puerto Rico",36793,2323
72035,0500000US72035,"Cayey Municipio, Puerto Rico",41574,2573
72037,0500000US72037,"Ceiba Municipio, Puerto Rico",32881,3159
72039,0500000US72039,"Ciales Municipio, Puerto Rico",26124,2051
72041,0500000US72041,"Cidra Municipio, Puerto Rico",39342,2603
72043,0500000US72043,"Coamo Municipio, Puerto Rico",30526,2232
72045,0500000US72045,"Comerío Municipio, Puerto Rico",26435,2553
72047,0500000US72047,"Corozal Municipio, Puerto Rico",33289,2736
72049,0500000US72049,"Culebra Municipio, Puerto Rico",39570,8349
72051,0500000US72051,"Dorado Municipio, Puerto Rico",59942,6141
72053,0500000US72053,"Fajardo Municipio, Puerto Rico",35363,3137
72054,0500000US72054,"Florida Municipio, Puerto Rico",27144,2807
72055,0500000US72055,"Guánica Municipio, Puerto Rico",22876,1987
72057,0500000US72057,"Guayama Municipio, Puerto Rico",30448,2615
72059,0500000US72059,"Guayanilla Municipio, Puerto Rico",29368,3505
72061,0500000US72061,"Guaynabo Municipio, Puerto Rico",77901,3229
72063,0500000US72063,"Gurabo Municipio, Puerto Rico",63916,8187
72065,0500000US72065,"Hatillo Municipio, Puerto Rico",38612,2771
72067,0500000US72067,"Hormigueros Municipio, Puerto Rico",36055,3525
72069,0500000US72069,"Humacao Municipio, Puerto Rico",40664,2883
72071,0500000US72071,"Isabela Municipio, Puerto Rico",30383,2317
72073,0500000US72073,"Jayuya Municipio, Puerto Rico",24684,2577
72075,0500000US72075,"Juana Díaz Municipio, Puerto Rico",33540,1783
72077,0500000US72077,"Juncos Municipio, Puerto Rico",37354,2730
72079,0500000US72079,"Lajas Municipio, Puerto Rico",25680,2205
72081,0500000US72081,"Lares Municipio, Puerto Rico",26779,2547
72083,0500000US72083,"Las Marías Municipio, Puerto Rico",22105,2618
72085,0500000US72085,"Las Piedras Municipio, Puerto Rico",38659,2976
72087,0500000US72087,"Loíza Municipio, Puerto Rico",31039,2439
72089,0500000US72089,"Luquillo Municipio, Puerto Rico",33949,2930
72091,0500000US72091,"Manatí Municipio, Puerto Rico",34404,5304
72093,0500000US72093,"Maricao Municipio, Puerto Rico",25453,3053
72095,0500000US72095,"Maunabo Municipio, Puerto Rico",26380,2488
72097,0500000US72097,"Mayagüez Municipio, Puerto Rico",32680,2425
72099,0500000US72099,"Moca Municipio, Puerto Rico",36078,3054
72101,0500000US72101,"Morovis Municipio, Puerto Rico",31292,2490
72103,0500000US72103,"Naguabo Municipio, Puerto Rico",28174,1996
72105,0500000US72105,"Naranjito Municipio, Puerto Rico",31232,4362
72107,0500000US72107,"Orocovis Municipio, Puerto Rico",26104,2066
72109,0500000US72109,"Patillas Municipio, Puerto Rico",29294,2094
72111,0500000US72111,"Peñuelas Municipio, Puerto Rico",31174,3054
72113,0500000US72113,"Ponce Municipio, Puerto Rico",32736,1613
72115,0500000US72115,"Quebradillas Municipio, Puerto Rico",29567,2372
72117,0500000US72117,"Rincón Municipio, Puerto Rico",38552,4252
72119,0500000US72119,"Río Grande Municipio, Puerto Rico",37078,2139
72121,0500000US72121,"Sabana Grande Municipio, Puerto Rico",34894,9867
72123,0500000US72123,"Salinas Municipio, Puerto Rico",29252,2163
72125,0500000US72125,"San Germán Municipio, Puerto Rico",27914,2759
72127,0500000US72127,"San Juan Municipio, Puerto Rico",52349,1682
72129,0500000US72129,"San Lorenzo Municipio, Puerto Rico",31845,2482
72131,0500000US72131,"San Sebastián Municipio, Puerto Rico",27976,2182
72133,0500000US72133,"Santa Isabel Municipio, Puerto Rico",38182,4829
72135,0500000US72135,"Toa Alta Municipio, Puerto Rico",47616,3034
72137,0500000US72137,"Toa Baja Municipio, Puerto Rico",40748,1276
72139,0500000US72139,"Trujillo Alto Municipio, Puerto Rico",54377,2929
72141,0500000US72141,"Utuado Municipio, Puerto Rico",25230,2118
72143,0500000US72143,"Vega Alta Municipio, Puerto Rico",42454,4515
72145,0500000US72145,"Vega Baja Municipio, Puerto Rico",38117,3820
72147,0500000US72147,"Vieques Municipio, Puerto Rico",22473,2856
72149,0500000US72149,"Villalba Municipio, Puerto Rico",36726,3204
72151,0500000US72151,"Yabucoa Municipio, Puerto Rico",27664,1960
72153,0500000US72153,"Yauco Municipio, Puerto Rico",31007,1972
